scientific_name,sra_accession,mag_file,tax_id,mag_name
uncultured Agrobacterium sp.,ERS6626984,uncultured_Agrobacterium_sp._ERS6626984.fasta,157277,uncultured_Agrobacterium_sp._ERS6626984
uncultured Spirosoma sp.,ERS6626983,uncultured_Spirosoma_sp._ERS6626983.fasta,278208,uncultured_Spirosoma_sp._ERS6626983
uncultured Paenibacillus sp.,ERS6626844,uncultured_Paenibacillus_sp._ERS6626844.fasta,227322,uncultured_Paenibacillus_sp._ERS6626844
uncultured Spirosoma sp.,ERS6626982,uncultured_Spirosoma_sp._ERS6626982.fasta,278208,uncultured_Spirosoma_sp._ERS6626982
uncultured Mucilaginibacter sp.,ERS6626962,uncultured_Mucilaginibacter_sp._ERS6626962.fasta,797541,uncultured_Mucilaginibacter_sp._ERS6626962
uncultured Exiguobacterium sp.,ERS6626773,uncultured_Exiguobacterium_sp._ERS6626773.fasta,202669,uncultured_Exiguobacterium_sp._ERS6626773
uncultured Chryseobacterium sp.,ERS6626928,uncultured_Chryseobacterium_sp._ERS6626928.fasta,259322,uncultured_Chryseobacterium_sp._ERS6626928
uncultured Naasia sp.,ERS6626864,uncultured_Naasia_sp._ERS6626864.fasta,1805779,uncultured_Naasia_sp._ERS6626864
uncultured Chryseobacterium sp.,ERS6626863,uncultured_Chryseobacterium_sp._ERS6626863.fasta,259322,uncultured_Chryseobacterium_sp._ERS6626863
uncultured Hymenobacter sp.,ERS6626935,uncultured_Hymenobacter_sp._ERS6626935.fasta,170016,uncultured_Hymenobacter_sp._ERS6626935
uncultured Curtobacterium sp.,ERS6626897,uncultured_Curtobacterium_sp._ERS6626897.fasta,331964,uncultured_Curtobacterium_sp._ERS6626897
uncultured Curtobacterium sp.,ERS6626875,uncultured_Curtobacterium_sp._ERS6626875.fasta,331964,uncultured_Curtobacterium_sp._ERS6626875
uncultured Devosia sp.,ERS6626765,uncultured_Devosia_sp._ERS6626765.fasta,211434,uncultured_Devosia_sp._ERS6626765
uncultured Paenibacillus sp.,ERS6626896,uncultured_Paenibacillus_sp._ERS6626896.fasta,227322,uncultured_Paenibacillus_sp._ERS6626896
uncultured Novosphingobium sp.,ERS6626895,uncultured_Novosphingobium_sp._ERS6626895.fasta,292277,uncultured_Novosphingobium_sp._ERS6626895
uncultured Chryseobacterium sp.,ERS6626817,uncultured_Chryseobacterium_sp._ERS6626817.fasta,259322,uncultured_Chryseobacterium_sp._ERS6626817
uncultured Mucilaginibacter sp.,ERS6626894,uncultured_Mucilaginibacter_sp._ERS6626894.fasta,797541,uncultured_Mucilaginibacter_sp._ERS6626894
uncultured Mucilaginibacter sp.,ERS6626791,uncultured_Mucilaginibacter_sp._ERS6626791.fasta,797541,uncultured_Mucilaginibacter_sp._ERS6626791
uncultured Mucilaginibacter sp.,ERS6626764,uncultured_Mucilaginibacter_sp._ERS6626764.fasta,797541,uncultured_Mucilaginibacter_sp._ERS6626764
uncultured Epilithonimonas sp.,ERS6626874,uncultured_Epilithonimonas_sp._ERS6626874.fasta,259322,uncultured_Epilithonimonas_sp._ERS6626874
uncultured Paenibacillus sp.,ERS6627333,uncultured_Paenibacillus_sp._ERS6627333.fasta,227322,uncultured_Paenibacillus_sp._ERS6627333
uncultured Flavobacterium sp.,ERS6626951,uncultured_Flavobacterium_sp._ERS6626951.fasta,165435,uncultured_Flavobacterium_sp._ERS6626951
Patescibacteria group bacterium,ERS6626790,Patescibacteria_group_bacterium_ERS6626790.fasta,2052139,Patescibacteria_group_bacterium_ERS6626790
uncultured Spirosoma sp.,ERS6626804,uncultured_Spirosoma_sp._ERS6626804.fasta,278208,uncultured_Spirosoma_sp._ERS6626804
uncultured Agrobacterium sp.,ERS6627249,uncultured_Agrobacterium_sp._ERS6627249.fasta,157277,uncultured_Agrobacterium_sp._ERS6627249
uncultured Flavobacterium sp.,ERS6626763,uncultured_Flavobacterium_sp._ERS6626763.fasta,165435,uncultured_Flavobacterium_sp._ERS6626763
uncultured Agrobacterium sp.,ERS6627285,uncultured_Agrobacterium_sp._ERS6627285.fasta,157277,uncultured_Agrobacterium_sp._ERS6627285
uncultured Xanthomonas sp.,ERS6626859,uncultured_Xanthomonas_sp._ERS6626859.fasta,152831,uncultured_Xanthomonas_sp._ERS6626859
uncultured Sphingomonas sp.,ERS6626927,uncultured_Sphingomonas_sp._ERS6626927.fasta,158754,uncultured_Sphingomonas_sp._ERS6626927
uncultured Spirosoma sp.,ERS6626772,uncultured_Spirosoma_sp._ERS6626772.fasta,278208,uncultured_Spirosoma_sp._ERS6626772
uncultured Mucilaginibacter sp.,ERS6626931,uncultured_Mucilaginibacter_sp._ERS6626931.fasta,797541,uncultured_Mucilaginibacter_sp._ERS6626931
uncultured Mucilaginibacter sp.,ERS6627290,uncultured_Mucilaginibacter_sp._ERS6627290.fasta,797541,uncultured_Mucilaginibacter_sp._ERS6627290
uncultured Novosphingobium sp.,ERS6626893,uncultured_Novosphingobium_sp._ERS6626893.fasta,292277,uncultured_Novosphingobium_sp._ERS6626893
uncultured Curtobacterium sp.,ERS6626862,uncultured_Curtobacterium_sp._ERS6626862.fasta,331964,uncultured_Curtobacterium_sp._ERS6626862
uncultured Cystobacter sp.,ERS6626771,uncultured_Cystobacter_sp._ERS6626771.fasta,412043,uncultured_Cystobacter_sp._ERS6626771
uncultured Acinetobacter sp.,ERS6626800,uncultured_Acinetobacter_sp._ERS6626800.fasta,165433,uncultured_Acinetobacter_sp._ERS6626800
uncultured Acinetobacter sp.,ERS6626912,uncultured_Acinetobacter_sp._ERS6626912.fasta,165433,uncultured_Acinetobacter_sp._ERS6626912
uncultured Acinetobacter sp.,ERS6626816,uncultured_Acinetobacter_sp._ERS6626816.fasta,165433,uncultured_Acinetobacter_sp._ERS6626816
Bdellovibrionaceae bacterium,ERS6626826,Bdellovibrionaceae_bacterium_ERS6626826.fasta,2026715,Bdellovibrionaceae_bacterium_ERS6626826
uncultured Mucilaginibacter sp.,ERS6626803,uncultured_Mucilaginibacter_sp._ERS6626803.fasta,797541,uncultured_Mucilaginibacter_sp._ERS6626803
uncultured Paenibacillus sp.,ERS6626855,uncultured_Paenibacillus_sp._ERS6626855.fasta,227322,uncultured_Paenibacillus_sp._ERS6626855
uncultured Spirosoma sp.,ERS6626892,uncultured_Spirosoma_sp._ERS6626892.fasta,278208,uncultured_Spirosoma_sp._ERS6626892
uncultured Spirosoma sp.,ERS6626891,uncultured_Spirosoma_sp._ERS6626891.fasta,278208,uncultured_Spirosoma_sp._ERS6626891
uncultured Spirosoma sp.,ERS6626890,uncultured_Spirosoma_sp._ERS6626890.fasta,278208,uncultured_Spirosoma_sp._ERS6626890
uncultured Acinetobacter sp.,ERS6626926,uncultured_Acinetobacter_sp._ERS6626926.fasta,165433,uncultured_Acinetobacter_sp._ERS6626926
uncultured Acinetobacter sp.,ERS6626777,uncultured_Acinetobacter_sp._ERS6626777.fasta,165433,uncultured_Acinetobacter_sp._ERS6626777
uncultured Chryseobacterium sp.,ERS6626776,uncultured_Chryseobacterium_sp._ERS6626776.fasta,259322,uncultured_Chryseobacterium_sp._ERS6626776
uncultured Paenibacillus sp.,ERS6626843,uncultured_Paenibacillus_sp._ERS6626843.fasta,227322,uncultured_Paenibacillus_sp._ERS6626843
uncultured Pedobacter sp.,ERS6626930,uncultured_Pedobacter_sp._ERS6626930.fasta,246139,uncultured_Pedobacter_sp._ERS6626930
uncultured Exiguobacterium sp.,ERS6627327,uncultured_Exiguobacterium_sp._ERS6627327.fasta,202669,uncultured_Exiguobacterium_sp._ERS6627327
uncultured Brevundimonas sp.,ERS6626970,uncultured_Brevundimonas_sp._ERS6626970.fasta,213418,uncultured_Brevundimonas_sp._ERS6626970
uncultured Mucilaginibacter sp.,ERS6626972,uncultured_Mucilaginibacter_sp._ERS6626972.fasta,797541,uncultured_Mucilaginibacter_sp._ERS6626972
uncultured Acinetobacter sp.,ERS6626945,uncultured_Acinetobacter_sp._ERS6626945.fasta,165433,uncultured_Acinetobacter_sp._ERS6626945
uncultured Paenibacillus sp.,ERS6627253,uncultured_Paenibacillus_sp._ERS6627253.fasta,227322,uncultured_Paenibacillus_sp._ERS6627253
uncultured Acidovorax sp.,ERS6626889,uncultured_Acidovorax_sp._ERS6626889.fasta,158751,uncultured_Acidovorax_sp._ERS6626889
Chitinophagaceae bacterium,ERS6626975,Chitinophagaceae_bacterium_ERS6626975.fasta,1869212,Chitinophagaceae_bacterium_ERS6626975
uncultured Brevundimonas sp.,ERS6626922,uncultured_Brevundimonas_sp._ERS6626922.fasta,213418,uncultured_Brevundimonas_sp._ERS6626922
uncultured Acinetobacter sp.,ERS6626858,uncultured_Acinetobacter_sp._ERS6626858.fasta,165433,uncultured_Acinetobacter_sp._ERS6626858
uncultured Mucilaginibacter sp.,ERS6626762,uncultured_Mucilaginibacter_sp._ERS6626762.fasta,797541,uncultured_Mucilaginibacter_sp._ERS6626762
uncultured Spirosoma sp.,ERS6626815,uncultured_Spirosoma_sp._ERS6626815.fasta,278208,uncultured_Spirosoma_sp._ERS6626815
uncultured Chryseobacterium sp.,ERS6626770,uncultured_Chryseobacterium_sp._ERS6626770.fasta,259322,uncultured_Chryseobacterium_sp._ERS6626770
uncultured Chryseobacterium sp.,ERS6626907,uncultured_Chryseobacterium_sp._ERS6626907.fasta,259322,uncultured_Chryseobacterium_sp._ERS6626907
uncultured Novosphingobium sp.,ERS6626854,uncultured_Novosphingobium_sp._ERS6626854.fasta,292277,uncultured_Novosphingobium_sp._ERS6626854
uncultured Enterococcus sp.,ERS6626994,uncultured_Enterococcus_sp._ERS6626994.fasta,167972,uncultured_Enterococcus_sp._ERS6626994
uncultured Pseudomonas sp.,ERS6627025,uncultured_Pseudomonas_sp._ERS6627025.fasta,114707,uncultured_Pseudomonas_sp._ERS6627025
uncultured Mucilaginibacter sp.,ERS6626873,uncultured_Mucilaginibacter_sp._ERS6626873.fasta,797541,uncultured_Mucilaginibacter_sp._ERS6626873
uncultured Microbacterium sp.,ERS6626906,uncultured_Microbacterium_sp._ERS6626906.fasta,191216,uncultured_Microbacterium_sp._ERS6626906
Candidatus Sericytochromatia bacterium,ERS6626968,Candidatus_Sericytochromatia_bacterium_ERS6626968.fasta,2762020,Candidatus_Sericytochromatia_bacterium_ERS6626968
uncultured Chryseobacterium sp.,ERS6627296,uncultured_Chryseobacterium_sp._ERS6627296.fasta,259322,uncultured_Chryseobacterium_sp._ERS6627296
uncultured Mucilaginibacter sp.,ERS6626799,uncultured_Mucilaginibacter_sp._ERS6626799.fasta,797541,uncultured_Mucilaginibacter_sp._ERS6626799
uncultured Pseudomonas sp.,ERS6626921,uncultured_Pseudomonas_sp._ERS6626921.fasta,114707,uncultured_Pseudomonas_sp._ERS6626921
uncultured Chryseobacterium sp.,ERS6626967,uncultured_Chryseobacterium_sp._ERS6626967.fasta,259322,uncultured_Chryseobacterium_sp._ERS6626967
uncultured Sphingomonas sp.,ERS6626872,uncultured_Sphingomonas_sp._ERS6626872.fasta,158754,uncultured_Sphingomonas_sp._ERS6626872
uncultured Paenibacillus sp.,ERS6626905,uncultured_Paenibacillus_sp._ERS6626905.fasta,227322,uncultured_Paenibacillus_sp._ERS6626905
uncultured Paenibacillus sp.,ERS6626842,uncultured_Paenibacillus_sp._ERS6626842.fasta,227322,uncultured_Paenibacillus_sp._ERS6626842
uncultured Sphingomonas sp.,ERS6626911,uncultured_Sphingomonas_sp._ERS6626911.fasta,158754,uncultured_Sphingomonas_sp._ERS6626911
uncultured Sphingomonas sp.,ERS6626904,uncultured_Sphingomonas_sp._ERS6626904.fasta,158754,uncultured_Sphingomonas_sp._ERS6626904
uncultured Paenibacillus sp.,ERS6627323,uncultured_Paenibacillus_sp._ERS6627323.fasta,227322,uncultured_Paenibacillus_sp._ERS6627323
uncultured Acinetobacter sp.,ERS6626761,uncultured_Acinetobacter_sp._ERS6626761.fasta,165433,uncultured_Acinetobacter_sp._ERS6626761
uncultured Pedobacter sp.,ERS6626944,uncultured_Pedobacter_sp._ERS6626944.fasta,246139,uncultured_Pedobacter_sp._ERS6626944
uncultured Spirosoma sp.,ERS6626995,uncultured_Spirosoma_sp._ERS6626995.fasta,278208,uncultured_Spirosoma_sp._ERS6626995
uncultured Spirosoma sp.,ERS6627011,uncultured_Spirosoma_sp._ERS6627011.fasta,278208,uncultured_Spirosoma_sp._ERS6627011
uncultured Spirosoma sp.,ERS6626782,uncultured_Spirosoma_sp._ERS6626782.fasta,278208,uncultured_Spirosoma_sp._ERS6626782
uncultured Mucilaginibacter sp.,ERS6626923,uncultured_Mucilaginibacter_sp._ERS6626923.fasta,797541,uncultured_Mucilaginibacter_sp._ERS6626923
uncultured Pantoea sp.,ERS6627004,uncultured_Pantoea_sp._ERS6627004.fasta,218084,uncultured_Pantoea_sp._ERS6627004
uncultured Ochrobactrum sp.,ERS6627020,uncultured_Ochrobactrum_sp._ERS6627020.fasta,267632,uncultured_Ochrobactrum_sp._ERS6627020
uncultured Stenotrophomonas sp.,ERS6627254,uncultured_Stenotrophomonas_sp._ERS6627254.fasta,165438,uncultured_Stenotrophomonas_sp._ERS6627254
uncultured Novosphingobium sp.,ERS6626865,uncultured_Novosphingobium_sp._ERS6626865.fasta,292277,uncultured_Novosphingobium_sp._ERS6626865
uncultured Exiguobacterium sp.,ERS6626986,uncultured_Exiguobacterium_sp._ERS6626986.fasta,202669,uncultured_Exiguobacterium_sp._ERS6626986
uncultured Exiguobacterium sp.,ERS6626812,uncultured_Exiguobacterium_sp._ERS6626812.fasta,202669,uncultured_Exiguobacterium_sp._ERS6626812
uncultured Agrobacterium sp.,ERS6626766,uncultured_Agrobacterium_sp._ERS6626766.fasta,157277,uncultured_Agrobacterium_sp._ERS6626766
uncultured Deinococcus sp.,ERS6626820,uncultured_Deinococcus_sp._ERS6626820.fasta,158789,uncultured_Deinococcus_sp._ERS6626820
uncultured Agrobacterium sp.,ERS6626908,uncultured_Agrobacterium_sp._ERS6626908.fasta,157277,uncultured_Agrobacterium_sp._ERS6626908
uncultured Novosphingobium sp.,ERS6626775,uncultured_Novosphingobium_sp._ERS6626775.fasta,292277,uncultured_Novosphingobium_sp._ERS6626775
uncultured Mucilaginibacter sp.,ERS6627266,uncultured_Mucilaginibacter_sp._ERS6627266.fasta,797541,uncultured_Mucilaginibacter_sp._ERS6627266
uncultured Spirosoma sp.,ERS6626985,uncultured_Spirosoma_sp._ERS6626985.fasta,278208,uncultured_Spirosoma_sp._ERS6626985
uncultured Acinetobacter sp.,ERS6627286,uncultured_Acinetobacter_sp._ERS6627286.fasta,165433,uncultured_Acinetobacter_sp._ERS6627286
uncultured Exiguobacterium sp.,ERS6626879,uncultured_Exiguobacterium_sp._ERS6626879.fasta,202669,uncultured_Exiguobacterium_sp._ERS6626879
uncultured Curtobacterium sp.,ERS6626878,uncultured_Curtobacterium_sp._ERS6626878.fasta,331964,uncultured_Curtobacterium_sp._ERS6626878
uncultured Exiguobacterium sp.,ERS6626877,uncultured_Exiguobacterium_sp._ERS6626877.fasta,202669,uncultured_Exiguobacterium_sp._ERS6626877
uncultured Sphingomonas sp.,ERS6626774,uncultured_Sphingomonas_sp._ERS6626774.fasta,158754,uncultured_Sphingomonas_sp._ERS6626774
uncultured Chryseobacterium sp.,ERS6626898,uncultured_Chryseobacterium_sp._ERS6626898.fasta,259322,uncultured_Chryseobacterium_sp._ERS6626898
uncultured Sphingomonas sp.,ERS6626856,uncultured_Sphingomonas_sp._ERS6626856.fasta,158754,uncultured_Sphingomonas_sp._ERS6626856
uncultured Sphingomonas sp.,ERS6626876,uncultured_Sphingomonas_sp._ERS6626876.fasta,158754,uncultured_Sphingomonas_sp._ERS6626876
uncultured Chryseobacterium sp.,ERS6626996,uncultured_Chryseobacterium_sp._ERS6626996.fasta,259322,uncultured_Chryseobacterium_sp._ERS6626996
uncultured Agrobacterium sp.,ERS6626792,uncultured_Agrobacterium_sp._ERS6626792.fasta,157277,uncultured_Agrobacterium_sp._ERS6626792
uncultured Enterobacter sp.,ERS6626660,uncultured_Enterobacter_sp._ERS6626660.fasta,238202,uncultured_Enterobacter_sp._ERS6626660
uncultured Agrobacterium sp.,ERS6626666,uncultured_Agrobacterium_sp._ERS6626666.fasta,157277,uncultured_Agrobacterium_sp._ERS6626666
uncultured Pseudomonas sp.,ERS6626710,uncultured_Pseudomonas_sp._ERS6626710.fasta,114707,uncultured_Pseudomonas_sp._ERS6626710
uncultured Pantoea sp.,ERS6626623,uncultured_Pantoea_sp._ERS6626623.fasta,218084,uncultured_Pantoea_sp._ERS6626623
uncultured Comamonas sp.,ERS6626630,uncultured_Comamonas_sp._ERS6626630.fasta,114710,uncultured_Comamonas_sp._ERS6626630
uncultured Acidovorax sp.,ERS6626607,uncultured_Acidovorax_sp._ERS6626607.fasta,158751,uncultured_Acidovorax_sp._ERS6626607
uncultured Pseudomonas sp.,ERS6626639,uncultured_Pseudomonas_sp._ERS6626639.fasta,114707,uncultured_Pseudomonas_sp._ERS6626639
uncultured Klebsiella sp.,ERS6626628,uncultured_Klebsiella_sp._ERS6626628.fasta,284011,uncultured_Klebsiella_sp._ERS6626628
uncultured Paenibacillus sp.,ERS6626698,uncultured_Paenibacillus_sp._ERS6626698.fasta,227322,uncultured_Paenibacillus_sp._ERS6626698
uncultured Chryseobacterium sp.,ERS6626742,uncultured_Chryseobacterium_sp._ERS6626742.fasta,259322,uncultured_Chryseobacterium_sp._ERS6626742
uncultured Massilia sp.,ERS6626633,uncultured_Massilia_sp._ERS6626633.fasta,169973,uncultured_Massilia_sp._ERS6626633
uncultured Stenotrophomonas sp.,ERS6626727,uncultured_Stenotrophomonas_sp._ERS6626727.fasta,165438,uncultured_Stenotrophomonas_sp._ERS6626727
uncultured Chryseobacterium sp.,ERS6626743,uncultured_Chryseobacterium_sp._ERS6626743.fasta,259322,uncultured_Chryseobacterium_sp._ERS6626743
uncultured Sphingomonas sp.,ERS6626574,uncultured_Sphingomonas_sp._ERS6626574.fasta,158754,uncultured_Sphingomonas_sp._ERS6626574
uncultured Exiguobacterium sp.,ERS6626606,uncultured_Exiguobacterium_sp._ERS6626606.fasta,202669,uncultured_Exiguobacterium_sp._ERS6626606
uncultured Chryseobacterium sp.,ERS6626693,uncultured_Chryseobacterium_sp._ERS6626693.fasta,259322,uncultured_Chryseobacterium_sp._ERS6626693
uncultured Comamonas sp.,ERS6626650,uncultured_Comamonas_sp._ERS6626650.fasta,114710,uncultured_Comamonas_sp._ERS6626650
uncultured Acinetobacter sp.,ERS6626637,uncultured_Acinetobacter_sp._ERS6626637.fasta,165433,uncultured_Acinetobacter_sp._ERS6626637
uncultured Xanthomonas sp.,ERS6626613,uncultured_Xanthomonas_sp._ERS6626613.fasta,152831,uncultured_Xanthomonas_sp._ERS6626613
Patescibacteria group bacterium,ERS6626570,Patescibacteria_group_bacterium_ERS6626570.fasta,2052139,Patescibacteria_group_bacterium_ERS6626570
uncultured Chryseobacterium sp.,ERS6626741,uncultured_Chryseobacterium_sp._ERS6626741.fasta,259322,uncultured_Chryseobacterium_sp._ERS6626741
uncultured Acinetobacter sp.,ERS6626740,uncultured_Acinetobacter_sp._ERS6626740.fasta,165433,uncultured_Acinetobacter_sp._ERS6626740
uncultured Acidovorax sp.,ERS6626738,uncultured_Acidovorax_sp._ERS6626738.fasta,158751,uncultured_Acidovorax_sp._ERS6626738
uncultured Curtobacterium sp.,ERS6626562,uncultured_Curtobacterium_sp._ERS6626562.fasta,331964,uncultured_Curtobacterium_sp._ERS6626562
uncultured Myroides sp.,ERS6626694,uncultured_Myroides_sp._ERS6626694.fasta,332699,uncultured_Myroides_sp._ERS6626694
uncultured Acinetobacter sp.,ERS6626718,uncultured_Acinetobacter_sp._ERS6626718.fasta,165433,uncultured_Acinetobacter_sp._ERS6626718
uncultured Xanthomonas sp.,ERS6626730,uncultured_Xanthomonas_sp._ERS6626730.fasta,152831,uncultured_Xanthomonas_sp._ERS6626730
uncultured Microbacterium sp.,ERS6626604,uncultured_Microbacterium_sp._ERS6626604.fasta,191216,uncultured_Microbacterium_sp._ERS6626604
uncultured Hymenobacter sp.,ERS6626733,uncultured_Hymenobacter_sp._ERS6626733.fasta,170016,uncultured_Hymenobacter_sp._ERS6626733
Patescibacteria group bacterium,ERS6626572,Patescibacteria_group_bacterium_ERS6626572.fasta,2052139,Patescibacteria_group_bacterium_ERS6626572
uncultured Acidovorax sp.,ERS6626596,uncultured_Acidovorax_sp._ERS6626596.fasta,158751,uncultured_Acidovorax_sp._ERS6626596
uncultured Pseudacidovorax sp.,ERS6626577,uncultured_Pseudacidovorax_sp._ERS6626577.fasta,679313,uncultured_Pseudacidovorax_sp._ERS6626577
uncultured Sphingomonas sp.,ERS6626692,uncultured_Sphingomonas_sp._ERS6626692.fasta,158754,uncultured_Sphingomonas_sp._ERS6626692
uncultured Epilithonimonas sp.,ERS6626655,uncultured_Epilithonimonas_sp._ERS6626655.fasta,259322,uncultured_Epilithonimonas_sp._ERS6626655
uncultured Sphingomonas sp.,ERS6626680,uncultured_Sphingomonas_sp._ERS6626680.fasta,158754,uncultured_Sphingomonas_sp._ERS6626680
uncultured Sphingomonas sp.,ERS6626584,uncultured_Sphingomonas_sp._ERS6626584.fasta,158754,uncultured_Sphingomonas_sp._ERS6626584
uncultured Acidovorax sp.,ERS6626644,uncultured_Acidovorax_sp._ERS6626644.fasta,158751,uncultured_Acidovorax_sp._ERS6626644
uncultured Brevundimonas sp.,ERS6626729,uncultured_Brevundimonas_sp._ERS6626729.fasta,213418,uncultured_Brevundimonas_sp._ERS6626729
uncultured Brevundimonas sp.,ERS6626654,uncultured_Brevundimonas_sp._ERS6626654.fasta,213418,uncultured_Brevundimonas_sp._ERS6626654
uncultured Brevundimonas sp.,ERS6626699,uncultured_Brevundimonas_sp._ERS6626699.fasta,213418,uncultured_Brevundimonas_sp._ERS6626699
uncultured Pseudomonas sp.,ERS6626560,uncultured_Pseudomonas_sp._ERS6626560.fasta,114707,uncultured_Pseudomonas_sp._ERS6626560
uncultured Comamonas sp.,ERS6626645,uncultured_Comamonas_sp._ERS6626645.fasta,114710,uncultured_Comamonas_sp._ERS6626645
uncultured Pantoea sp.,ERS6626568,uncultured_Pantoea_sp._ERS6626568.fasta,218084,uncultured_Pantoea_sp._ERS6626568
uncultured Acidovorax sp.,ERS6626561,uncultured_Acidovorax_sp._ERS6626561.fasta,158751,uncultured_Acidovorax_sp._ERS6626561
uncultured Acinetobacter sp.,ERS6626717,uncultured_Acinetobacter_sp._ERS6626717.fasta,165433,uncultured_Acinetobacter_sp._ERS6626717
uncultured Paenibacillus sp.,ERS6626700,uncultured_Paenibacillus_sp._ERS6626700.fasta,227322,uncultured_Paenibacillus_sp._ERS6626700
uncultured Sphingomonas sp.,ERS6626658,uncultured_Sphingomonas_sp._ERS6626658.fasta,158754,uncultured_Sphingomonas_sp._ERS6626658
uncultured Pantoea sp.,ERS6626595,uncultured_Pantoea_sp._ERS6626595.fasta,218084,uncultured_Pantoea_sp._ERS6626595
uncultured Sphingomonas sp.,ERS6626653,uncultured_Sphingomonas_sp._ERS6626653.fasta,158754,uncultured_Sphingomonas_sp._ERS6626653
uncultured Pedobacter sp.,ERS6626667,uncultured_Pedobacter_sp._ERS6626667.fasta,246139,uncultured_Pedobacter_sp._ERS6626667
uncultured Pseudomonas sp.,ERS6626563,uncultured_Pseudomonas_sp._ERS6626563.fasta,114707,uncultured_Pseudomonas_sp._ERS6626563
uncultured Chryseobacterium sp.,ERS6626744,uncultured_Chryseobacterium_sp._ERS6626744.fasta,259322,uncultured_Chryseobacterium_sp._ERS6626744
uncultured Enterobacter sp.,ERS6626683,uncultured_Enterobacter_sp._ERS6626683.fasta,238202,uncultured_Enterobacter_sp._ERS6626683
uncultured Acinetobacter sp.,ERS6626745,uncultured_Acinetobacter_sp._ERS6626745.fasta,165433,uncultured_Acinetobacter_sp._ERS6626745
uncultured Paenibacillus sp.,ERS6626585,uncultured_Paenibacillus_sp._ERS6626585.fasta,227322,uncultured_Paenibacillus_sp._ERS6626585
uncultured Microbacterium sp.,ERS6626603,uncultured_Microbacterium_sp._ERS6626603.fasta,191216,uncultured_Microbacterium_sp._ERS6626603
uncultured Pseudomonas sp.,ERS6626676,uncultured_Pseudomonas_sp._ERS6626676.fasta,114707,uncultured_Pseudomonas_sp._ERS6626676
uncultured Brevundimonas sp.,ERS6626728,uncultured_Brevundimonas_sp._ERS6626728.fasta,213418,uncultured_Brevundimonas_sp._ERS6626728
uncultured Sphingomonas sp.,ERS6626612,uncultured_Sphingomonas_sp._ERS6626612.fasta,158754,uncultured_Sphingomonas_sp._ERS6626612
uncultured Erwinia sp.,ERS6626641,uncultured_Erwinia_sp._ERS6626641.fasta,246798,uncultured_Erwinia_sp._ERS6626641
uncultured Agrobacterium sp.,ERS6626610,uncultured_Agrobacterium_sp._ERS6626610.fasta,157277,uncultured_Agrobacterium_sp._ERS6626610
uncultured Serratia sp.,ERS6626624,uncultured_Serratia_sp._ERS6626624.fasta,239175,uncultured_Serratia_sp._ERS6626624
uncultured Pelomonas sp.,ERS6626569,uncultured_Pelomonas_sp._ERS6626569.fasta,360909,uncultured_Pelomonas_sp._ERS6626569
uncultured Xanthomonas sp.,ERS6626725,uncultured_Xanthomonas_sp._ERS6626725.fasta,152831,uncultured_Xanthomonas_sp._ERS6626725
uncultured Acinetobacter sp.,ERS6626647,uncultured_Acinetobacter_sp._ERS6626647.fasta,165433,uncultured_Acinetobacter_sp._ERS6626647
uncultured Pseudomonas sp.,ERS6626626,uncultured_Pseudomonas_sp._ERS6626626.fasta,114707,uncultured_Pseudomonas_sp._ERS6626626
uncultured Erwinia sp.,ERS6626634,uncultured_Erwinia_sp._ERS6626634.fasta,246798,uncultured_Erwinia_sp._ERS6626634
uncultured Chryseobacterium sp.,ERS6626671,uncultured_Chryseobacterium_sp._ERS6626671.fasta,259322,uncultured_Chryseobacterium_sp._ERS6626671
uncultured Acinetobacter sp.,ERS6626746,uncultured_Acinetobacter_sp._ERS6626746.fasta,165433,uncultured_Acinetobacter_sp._ERS6626746
uncultured Acinetobacter sp.,ERS6626701,uncultured_Acinetobacter_sp._ERS6626701.fasta,165433,uncultured_Acinetobacter_sp._ERS6626701
uncultured Enterobacter sp.,ERS6626629,uncultured_Enterobacter_sp._ERS6626629.fasta,238202,uncultured_Enterobacter_sp._ERS6626629
uncultured Acinetobacter sp.,ERS6626567,uncultured_Acinetobacter_sp._ERS6626567.fasta,165433,uncultured_Acinetobacter_sp._ERS6626567
uncultured Sphingomonas sp.,ERS6626622,uncultured_Sphingomonas_sp._ERS6626622.fasta,158754,uncultured_Sphingomonas_sp._ERS6626622
uncultured Vagococcus sp.,ERS6626691,uncultured_Vagococcus_sp._ERS6626691.fasta,189676,uncultured_Vagococcus_sp._ERS6626691
uncultured Acinetobacter sp.,ERS6626625,uncultured_Acinetobacter_sp._ERS6626625.fasta,165433,uncultured_Acinetobacter_sp._ERS6626625
uncultured Pseudomonas sp.,ERS6626621,uncultured_Pseudomonas_sp._ERS6626621.fasta,114707,uncultured_Pseudomonas_sp._ERS6626621
uncultured Agrobacterium sp.,ERS6626670,uncultured_Agrobacterium_sp._ERS6626670.fasta,157277,uncultured_Agrobacterium_sp._ERS6626670
uncultured Ochrobactrum sp.,ERS6626652,uncultured_Ochrobactrum_sp._ERS6626652.fasta,267632,uncultured_Ochrobactrum_sp._ERS6626652
uncultured Acinetobacter sp.,ERS6626564,uncultured_Acinetobacter_sp._ERS6626564.fasta,165433,uncultured_Acinetobacter_sp._ERS6626564
uncultured Acinetobacter sp.,ERS6626600,uncultured_Acinetobacter_sp._ERS6626600.fasta,165433,uncultured_Acinetobacter_sp._ERS6626600
uncultured Chryseobacterium sp.,ERS6626618,uncultured_Chryseobacterium_sp._ERS6626618.fasta,259322,uncultured_Chryseobacterium_sp._ERS6626618
uncultured Acinetobacter sp.,ERS6626690,uncultured_Acinetobacter_sp._ERS6626690.fasta,165433,uncultured_Acinetobacter_sp._ERS6626690
uncultured Caulobacter sp.,ERS6626620,uncultured_Caulobacter_sp._ERS6626620.fasta,158749,uncultured_Caulobacter_sp._ERS6626620
uncultured Paenibacillus sp.,ERS6626696,uncultured_Paenibacillus_sp._ERS6626696.fasta,227322,uncultured_Paenibacillus_sp._ERS6626696
uncultured Sphingomonas sp.,ERS6626589,uncultured_Sphingomonas_sp._ERS6626589.fasta,158754,uncultured_Sphingomonas_sp._ERS6626589
uncultured Acinetobacter sp.,ERS6626751,uncultured_Acinetobacter_sp._ERS6626751.fasta,165433,uncultured_Acinetobacter_sp._ERS6626751
uncultured Chryseobacterium sp.,ERS6626695,uncultured_Chryseobacterium_sp._ERS6626695.fasta,259322,uncultured_Chryseobacterium_sp._ERS6626695
uncultured Acinetobacter sp.,ERS6626674,uncultured_Acinetobacter_sp._ERS6626674.fasta,165433,uncultured_Acinetobacter_sp._ERS6626674
uncultured Sphingomonas sp.,ERS6626594,uncultured_Sphingomonas_sp._ERS6626594.fasta,158754,uncultured_Sphingomonas_sp._ERS6626594
uncultured Hymenobacter sp.,ERS6626716,uncultured_Hymenobacter_sp._ERS6626716.fasta,170016,uncultured_Hymenobacter_sp._ERS6626716
uncultured Exiguobacterium sp.,ERS6626708,uncultured_Exiguobacterium_sp._ERS6626708.fasta,202669,uncultured_Exiguobacterium_sp._ERS6626708
uncultured Brevundimonas sp.,ERS6626706,uncultured_Brevundimonas_sp._ERS6626706.fasta,213418,uncultured_Brevundimonas_sp._ERS6626706
uncultured Acinetobacter sp.,ERS6626617,uncultured_Acinetobacter_sp._ERS6626617.fasta,165433,uncultured_Acinetobacter_sp._ERS6626617
uncultured Acinetobacter sp.,ERS6626750,uncultured_Acinetobacter_sp._ERS6626750.fasta,165433,uncultured_Acinetobacter_sp._ERS6626750
uncultured Siphonobacter sp.,ERS6626689,uncultured_Siphonobacter_sp._ERS6626689.fasta,1339187,uncultured_Siphonobacter_sp._ERS6626689
uncultured Pseudomonas sp.,ERS6626566,uncultured_Pseudomonas_sp._ERS6626566.fasta,114707,uncultured_Pseudomonas_sp._ERS6626566
uncultured Spirosoma sp.,ERS6626747,uncultured_Spirosoma_sp._ERS6626747.fasta,278208,uncultured_Spirosoma_sp._ERS6626747
uncultured Chryseobacterium sp.,ERS6626749,uncultured_Chryseobacterium_sp._ERS6626749.fasta,259322,uncultured_Chryseobacterium_sp._ERS6626749
uncultured Pseudomonas sp.,ERS6626675,uncultured_Pseudomonas_sp._ERS6626675.fasta,114707,uncultured_Pseudomonas_sp._ERS6626675
uncultured Mucilaginibacter sp.,ERS6626632,uncultured_Mucilaginibacter_sp._ERS6626632.fasta,797541,uncultured_Mucilaginibacter_sp._ERS6626632
uncultured Acidovorax sp.,ERS6626591,uncultured_Acidovorax_sp._ERS6626591.fasta,158751,uncultured_Acidovorax_sp._ERS6626591
uncultured Sphingomonas sp.,ERS6626587,uncultured_Sphingomonas_sp._ERS6626587.fasta,158754,uncultured_Sphingomonas_sp._ERS6626587
uncultured Paenibacillus sp.,ERS6626703,uncultured_Paenibacillus_sp._ERS6626703.fasta,227322,uncultured_Paenibacillus_sp._ERS6626703
uncultured Chryseobacterium sp.,ERS6626609,uncultured_Chryseobacterium_sp._ERS6626609.fasta,259322,uncultured_Chryseobacterium_sp._ERS6626609
uncultured Xanthomonas sp.,ERS6626726,uncultured_Xanthomonas_sp._ERS6626726.fasta,152831,uncultured_Xanthomonas_sp._ERS6626726
uncultured Exiguobacterium sp.,ERS6626709,uncultured_Exiguobacterium_sp._ERS6626709.fasta,202669,uncultured_Exiguobacterium_sp._ERS6626709
uncultured Sphingobacterium sp.,ERS6626711,uncultured_Sphingobacterium_sp._ERS6626711.fasta,182688,uncultured_Sphingobacterium_sp._ERS6626711
uncultured Klebsiella sp.,ERS6626611,uncultured_Klebsiella_sp._ERS6626611.fasta,284011,uncultured_Klebsiella_sp._ERS6626611
uncultured Microbacterium sp.,ERS6626665,uncultured_Microbacterium_sp._ERS6626665.fasta,191216,uncultured_Microbacterium_sp._ERS6626665
uncultured Acidovorax sp.,ERS6626576,uncultured_Acidovorax_sp._ERS6626576.fasta,158751,uncultured_Acidovorax_sp._ERS6626576
uncultured Chryseobacterium sp.,ERS6626697,uncultured_Chryseobacterium_sp._ERS6626697.fasta,259322,uncultured_Chryseobacterium_sp._ERS6626697
uncultured Pantoea sp.,ERS6626643,uncultured_Pantoea_sp._ERS6626643.fasta,218084,uncultured_Pantoea_sp._ERS6626643
uncultured Agrobacterium sp.,ERS6626649,uncultured_Agrobacterium_sp._ERS6626649.fasta,157277,uncultured_Agrobacterium_sp._ERS6626649
uncultured Serratia sp.,ERS6626636,uncultured_Serratia_sp._ERS6626636.fasta,239175,uncultured_Serratia_sp._ERS6626636
uncultured Chryseobacterium sp.,ERS6626748,uncultured_Chryseobacterium_sp._ERS6626748.fasta,259322,uncultured_Chryseobacterium_sp._ERS6626748
uncultured Pseudomonas sp.,ERS6626663,uncultured_Pseudomonas_sp._ERS6626663.fasta,114707,uncultured_Pseudomonas_sp._ERS6626663
uncultured Agrobacterium sp.,ERS6626648,uncultured_Agrobacterium_sp._ERS6626648.fasta,157277,uncultured_Agrobacterium_sp._ERS6626648
uncultured Chryseobacterium sp.,ERS6626581,uncultured_Chryseobacterium_sp._ERS6626581.fasta,259322,uncultured_Chryseobacterium_sp._ERS6626581
uncultured Chryseobacterium sp.,ERS6626756,uncultured_Chryseobacterium_sp._ERS6626756.fasta,259322,uncultured_Chryseobacterium_sp._ERS6626756
uncultured Pluralibacter sp.,ERS6626635,uncultured_Pluralibacter_sp._ERS6626635.fasta,1490864,uncultured_Pluralibacter_sp._ERS6626635
Mycoplasmatales bacterium,ERS6626571,Mycoplasmatales_bacterium_ERS6626571.fasta,2023991,Mycoplasmatales_bacterium_ERS6626571
uncultured Paenibacillus sp.,ERS6626702,uncultured_Paenibacillus_sp._ERS6626702.fasta,227322,uncultured_Paenibacillus_sp._ERS6626702
uncultured Klebsiella sp.,ERS6626601,uncultured_Klebsiella_sp._ERS6626601.fasta,284011,uncultured_Klebsiella_sp._ERS6626601
uncultured Chryseobacterium sp.,ERS6626755,uncultured_Chryseobacterium_sp._ERS6626755.fasta,259322,uncultured_Chryseobacterium_sp._ERS6626755
uncultured Pedobacter sp.,ERS6626651,uncultured_Pedobacter_sp._ERS6626651.fasta,246139,uncultured_Pedobacter_sp._ERS6626651
uncultured Acinetobacter sp.,ERS6626753,uncultured_Acinetobacter_sp._ERS6626753.fasta,165433,uncultured_Acinetobacter_sp._ERS6626753
uncultured Comamonas sp.,ERS6626602,uncultured_Comamonas_sp._ERS6626602.fasta,114710,uncultured_Comamonas_sp._ERS6626602
uncultured Blastomonas sp.,ERS6626578,uncultured_Blastomonas_sp._ERS6626578.fasta,575414,uncultured_Blastomonas_sp._ERS6626578
uncultured Chryseobacterium sp.,ERS6626719,uncultured_Chryseobacterium_sp._ERS6626719.fasta,259322,uncultured_Chryseobacterium_sp._ERS6626719
uncultured Oxalicibacterium sp.,ERS6626668,uncultured_Oxalicibacterium_sp._ERS6626668.fasta,1168540,uncultured_Oxalicibacterium_sp._ERS6626668
uncultured Sphingomonas sp.,ERS6626686,uncultured_Sphingomonas_sp._ERS6626686.fasta,158754,uncultured_Sphingomonas_sp._ERS6626686
uncultured Pantoea sp.,ERS6626664,uncultured_Pantoea_sp._ERS6626664.fasta,218084,uncultured_Pantoea_sp._ERS6626664
uncultured Acinetobacter sp.,ERS6626640,uncultured_Acinetobacter_sp._ERS6626640.fasta,165433,uncultured_Acinetobacter_sp._ERS6626640
uncultured Pseudomonas sp.,ERS6626673,uncultured_Pseudomonas_sp._ERS6626673.fasta,114707,uncultured_Pseudomonas_sp._ERS6626673
uncultured Chryseobacterium sp.,ERS6626678,uncultured_Chryseobacterium_sp._ERS6626678.fasta,259322,uncultured_Chryseobacterium_sp._ERS6626678
uncultured Acinetobacter sp.,ERS6626712,uncultured_Acinetobacter_sp._ERS6626712.fasta,165433,uncultured_Acinetobacter_sp._ERS6626712
uncultured Xanthomonas sp.,ERS6626724,uncultured_Xanthomonas_sp._ERS6626724.fasta,152831,uncultured_Xanthomonas_sp._ERS6626724
uncultured Xanthomonas sp.,ERS6626642,uncultured_Xanthomonas_sp._ERS6626642.fasta,152831,uncultured_Xanthomonas_sp._ERS6626642
uncultured Enterobacter sp.,ERS6626619,uncultured_Enterobacter_sp._ERS6626619.fasta,238202,uncultured_Enterobacter_sp._ERS6626619
uncultured Acidovorax sp.,ERS6626565,uncultured_Acidovorax_sp._ERS6626565.fasta,158751,uncultured_Acidovorax_sp._ERS6626565
uncultured Stenotrophomonas sp.,ERS6626723,uncultured_Stenotrophomonas_sp._ERS6626723.fasta,165438,uncultured_Stenotrophomonas_sp._ERS6626723
uncultured Acinetobacter sp.,ERS6626754,uncultured_Acinetobacter_sp._ERS6626754.fasta,165433,uncultured_Acinetobacter_sp._ERS6626754
uncultured Pantoea sp.,ERS6626657,uncultured_Pantoea_sp._ERS6626657.fasta,218084,uncultured_Pantoea_sp._ERS6626657
uncultured Sphingobacterium sp.,ERS6626722,uncultured_Sphingobacterium_sp._ERS6626722.fasta,182688,uncultured_Sphingobacterium_sp._ERS6626722
uncultured Sphingomonas sp.,ERS6626672,uncultured_Sphingomonas_sp._ERS6626672.fasta,158754,uncultured_Sphingomonas_sp._ERS6626672
uncultured Acinetobacter sp.,ERS6626685,uncultured_Acinetobacter_sp._ERS6626685.fasta,165433,uncultured_Acinetobacter_sp._ERS6626685
uncultured Pantoea sp.,ERS6626752,uncultured_Pantoea_sp._ERS6626752.fasta,218084,uncultured_Pantoea_sp._ERS6626752
uncultured Acinetobacter sp.,ERS6626739,uncultured_Acinetobacter_sp._ERS6626739.fasta,165433,uncultured_Acinetobacter_sp._ERS6626739
uncultured Acinetobacter sp.,ERS6626631,uncultured_Acinetobacter_sp._ERS6626631.fasta,165433,uncultured_Acinetobacter_sp._ERS6626631
uncultured Chryseobacterium sp.,ERS6626734,uncultured_Chryseobacterium_sp._ERS6626734.fasta,259322,uncultured_Chryseobacterium_sp._ERS6626734
uncultured Chryseobacterium sp.,ERS6626682,uncultured_Chryseobacterium_sp._ERS6626682.fasta,259322,uncultured_Chryseobacterium_sp._ERS6626682
uncultured Acinetobacter sp.,ERS6626593,uncultured_Acinetobacter_sp._ERS6626593.fasta,165433,uncultured_Acinetobacter_sp._ERS6626593
uncultured Acidovorax sp.,ERS6626592,uncultured_Acidovorax_sp._ERS6626592.fasta,158751,uncultured_Acidovorax_sp._ERS6626592
uncultured Acinetobacter sp.,ERS6626575,uncultured_Acinetobacter_sp._ERS6626575.fasta,165433,uncultured_Acinetobacter_sp._ERS6626575
uncultured Siphonobacter sp.,ERS6626714,uncultured_Siphonobacter_sp._ERS6626714.fasta,1339187,uncultured_Siphonobacter_sp._ERS6626714
uncultured Stenotrophomonas sp.,ERS6626688,uncultured_Stenotrophomonas_sp._ERS6626688.fasta,165438,uncultured_Stenotrophomonas_sp._ERS6626688
uncultured Chryseobacterium sp.,ERS6626758,uncultured_Chryseobacterium_sp._ERS6626758.fasta,259322,uncultured_Chryseobacterium_sp._ERS6626758
uncultured Acinetobacter sp.,ERS6626656,uncultured_Acinetobacter_sp._ERS6626656.fasta,165433,uncultured_Acinetobacter_sp._ERS6626656
uncultured Chryseobacterium sp.,ERS6626615,uncultured_Chryseobacterium_sp._ERS6626615.fasta,259322,uncultured_Chryseobacterium_sp._ERS6626615
uncultured Epilithonimonas sp.,ERS6626757,uncultured_Epilithonimonas_sp._ERS6626757.fasta,259322,uncultured_Epilithonimonas_sp._ERS6626757
uncultured Brevundimonas sp.,ERS6626731,uncultured_Brevundimonas_sp._ERS6626731.fasta,213418,uncultured_Brevundimonas_sp._ERS6626731
uncultured Enterobacter sp.,ERS6626583,uncultured_Enterobacter_sp._ERS6626583.fasta,238202,uncultured_Enterobacter_sp._ERS6626583
uncultured Microbacterium sp.,ERS6626704,uncultured_Microbacterium_sp._ERS6626704.fasta,191216,uncultured_Microbacterium_sp._ERS6626704
uncultured Chryseobacterium sp.,ERS6626605,uncultured_Chryseobacterium_sp._ERS6626605.fasta,259322,uncultured_Chryseobacterium_sp._ERS6626605
uncultured Sphingomonas sp.,ERS6626588,uncultured_Sphingomonas_sp._ERS6626588.fasta,158754,uncultured_Sphingomonas_sp._ERS6626588
uncultured Microbacterium sp.,ERS6626721,uncultured_Microbacterium_sp._ERS6626721.fasta,191216,uncultured_Microbacterium_sp._ERS6626721
uncultured Enterobacter sp.,ERS6626681,uncultured_Enterobacter_sp._ERS6626681.fasta,238202,uncultured_Enterobacter_sp._ERS6626681
uncultured Sphingomonas sp.,ERS6626582,uncultured_Sphingomonas_sp._ERS6626582.fasta,158754,uncultured_Sphingomonas_sp._ERS6626582
uncultured Chryseobacterium sp.,ERS6626608,uncultured_Chryseobacterium_sp._ERS6626608.fasta,259322,uncultured_Chryseobacterium_sp._ERS6626608
uncultured Sphingomonas sp.,ERS6626586,uncultured_Sphingomonas_sp._ERS6626586.fasta,158754,uncultured_Sphingomonas_sp._ERS6626586
uncultured Sphingobacterium sp.,ERS6626677,uncultured_Sphingobacterium_sp._ERS6626677.fasta,182688,uncultured_Sphingobacterium_sp._ERS6626677
uncultured Acidovorax sp.,ERS6626705,uncultured_Acidovorax_sp._ERS6626705.fasta,158751,uncultured_Acidovorax_sp._ERS6626705
uncultured Acidovorax sp.,ERS6626599,uncultured_Acidovorax_sp._ERS6626599.fasta,158751,uncultured_Acidovorax_sp._ERS6626599
uncultured Enterobacter sp.,ERS6626627,uncultured_Enterobacter_sp._ERS6626627.fasta,238202,uncultured_Enterobacter_sp._ERS6626627
uncultured Exiguobacterium sp.,ERS6626707,uncultured_Exiguobacterium_sp._ERS6626707.fasta,202669,uncultured_Exiguobacterium_sp._ERS6626707
uncultured Brevundimonas sp.,ERS6626598,uncultured_Brevundimonas_sp._ERS6626598.fasta,213418,uncultured_Brevundimonas_sp._ERS6626598
uncultured Acinetobacter sp.,ERS6626679,uncultured_Acinetobacter_sp._ERS6626679.fasta,165433,uncultured_Acinetobacter_sp._ERS6626679
uncultured Chryseobacterium sp.,ERS6626662,uncultured_Chryseobacterium_sp._ERS6626662.fasta,259322,uncultured_Chryseobacterium_sp._ERS6626662
uncultured Stenotrophomonas sp.,ERS6626659,uncultured_Stenotrophomonas_sp._ERS6626659.fasta,165438,uncultured_Stenotrophomonas_sp._ERS6626659
uncultured Pantoea sp.,ERS6626661,uncultured_Pantoea_sp._ERS6626661.fasta,218084,uncultured_Pantoea_sp._ERS6626661
uncultured Sphingomonas sp.,ERS6626720,uncultured_Sphingomonas_sp._ERS6626720.fasta,158754,uncultured_Sphingomonas_sp._ERS6626720
uncultured Xanthomonas sp.,ERS6626687,uncultured_Xanthomonas_sp._ERS6626687.fasta,152831,uncultured_Xanthomonas_sp._ERS6626687
uncultured Brevundimonas sp.,ERS6626732,uncultured_Brevundimonas_sp._ERS6626732.fasta,213418,uncultured_Brevundimonas_sp._ERS6626732
uncultured Pseudomonas sp.,ERS6626713,uncultured_Pseudomonas_sp._ERS6626713.fasta,114707,uncultured_Pseudomonas_sp._ERS6626713
uncultured Comamonas sp.,ERS6626638,uncultured_Comamonas_sp._ERS6626638.fasta,114710,uncultured_Comamonas_sp._ERS6626638
uncultured Acidovorax sp.,ERS6626737,uncultured_Acidovorax_sp._ERS6626737.fasta,158751,uncultured_Acidovorax_sp._ERS6626737
uncultured Buchnera sp.,ERS6626646,uncultured_Buchnera_sp._ERS6626646.fasta,574037,uncultured_Buchnera_sp._ERS6626646
uncultured Chryseobacterium sp.,ERS6626736,uncultured_Chryseobacterium_sp._ERS6626736.fasta,259322,uncultured_Chryseobacterium_sp._ERS6626736
uncultured Acidovorax sp.,ERS6626735,uncultured_Acidovorax_sp._ERS6626735.fasta,158751,uncultured_Acidovorax_sp._ERS6626735
uncultured Acinetobacter sp.,ERS6626616,uncultured_Acinetobacter_sp._ERS6626616.fasta,165433,uncultured_Acinetobacter_sp._ERS6626616
uncultured Acinetobacter sp.,ERS6626684,uncultured_Acinetobacter_sp._ERS6626684.fasta,165433,uncultured_Acinetobacter_sp._ERS6626684
uncultured Sphingomonas sp.,ERS6626669,uncultured_Sphingomonas_sp._ERS6626669.fasta,158754,uncultured_Sphingomonas_sp._ERS6626669
uncultured Paenibacillus sp.,ERS6626614,uncultured_Paenibacillus_sp._ERS6626614.fasta,227322,uncultured_Paenibacillus_sp._ERS6626614
uncultured Chryseobacterium sp.,ERS6626590,uncultured_Chryseobacterium_sp._ERS6626590.fasta,259322,uncultured_Chryseobacterium_sp._ERS6626590
uncultured Sphingomonas sp.,ERS6626580,uncultured_Sphingomonas_sp._ERS6626580.fasta,158754,uncultured_Sphingomonas_sp._ERS6626580
Patescibacteria group bacterium,ERS6626573,Patescibacteria_group_bacterium_ERS6626573.fasta,2052139,Patescibacteria_group_bacterium_ERS6626573
uncultured Acidovorax sp.,ERS6626715,uncultured_Acidovorax_sp._ERS6626715.fasta,158751,uncultured_Acidovorax_sp._ERS6626715
uncultured Pelomonas sp.,ERS6626597,uncultured_Pelomonas_sp._ERS6626597.fasta,360909,uncultured_Pelomonas_sp._ERS6626597
Bdellovibrionaceae bacterium,ERS6626579,Bdellovibrionaceae_bacterium_ERS6626579.fasta,2026715,Bdellovibrionaceae_bacterium_ERS6626579
uncultured Chryseobacterium sp.,ERS6626760,uncultured_Chryseobacterium_sp._ERS6626760.fasta,259322,uncultured_Chryseobacterium_sp._ERS6626760
uncultured Xanthomonas sp.,ERS6627278,uncultured_Xanthomonas_sp._ERS6627278.fasta,152831,uncultured_Xanthomonas_sp._ERS6627278
uncultured Naasia sp.,ERS6627292,uncultured_Naasia_sp._ERS6627292.fasta,1805779,uncultured_Naasia_sp._ERS6627292
uncultured Acidovorax sp.,ERS6626824,uncultured_Acidovorax_sp._ERS6626824.fasta,158751,uncultured_Acidovorax_sp._ERS6626824
uncultured Acidovorax sp.,ERS6626819,uncultured_Acidovorax_sp._ERS6626819.fasta,158751,uncultured_Acidovorax_sp._ERS6626819
Burkholderiaceae bacterium,ERS6626828,Burkholderiaceae_bacterium_ERS6626828.fasta,2030806,Burkholderiaceae_bacterium_ERS6626828
uncultured Microbacterium sp.,ERS6626781,uncultured_Microbacterium_sp._ERS6626781.fasta,191216,uncultured_Microbacterium_sp._ERS6626781
uncultured Curtobacterium sp.,ERS6627307,uncultured_Curtobacterium_sp._ERS6627307.fasta,331964,uncultured_Curtobacterium_sp._ERS6627307
uncultured Novosphingobium sp.,ERS6626802,uncultured_Novosphingobium_sp._ERS6626802.fasta,292277,uncultured_Novosphingobium_sp._ERS6626802
uncultured Acidovorax sp.,ERS6626918,uncultured_Acidovorax_sp._ERS6626918.fasta,158751,uncultured_Acidovorax_sp._ERS6626918
uncultured Massilia sp.,ERS6627272,uncultured_Massilia_sp._ERS6627272.fasta,169973,uncultured_Massilia_sp._ERS6627272
uncultured Novosphingobium sp.,ERS6626917,uncultured_Novosphingobium_sp._ERS6626917.fasta,292277,uncultured_Novosphingobium_sp._ERS6626917
uncultured Serratia sp.,ERS6627010,uncultured_Serratia_sp._ERS6627010.fasta,239175,uncultured_Serratia_sp._ERS6627010
uncultured Agrobacterium sp.,ERS6626868,uncultured_Agrobacterium_sp._ERS6626868.fasta,157277,uncultured_Agrobacterium_sp._ERS6626868
uncultured Chryseobacterium sp.,ERS6627312,uncultured_Chryseobacterium_sp._ERS6627312.fasta,259322,uncultured_Chryseobacterium_sp._ERS6627312
uncultured Acidovorax sp.,ERS6627009,uncultured_Acidovorax_sp._ERS6627009.fasta,158751,uncultured_Acidovorax_sp._ERS6627009
uncultured Enterobacter sp.,ERS6626840,uncultured_Enterobacter_sp._ERS6626840.fasta,238202,uncultured_Enterobacter_sp._ERS6626840
uncultured Agrobacterium sp.,ERS6626818,uncultured_Agrobacterium_sp._ERS6626818.fasta,157277,uncultured_Agrobacterium_sp._ERS6626818
uncultured Novosphingobium sp.,ERS6626853,uncultured_Novosphingobium_sp._ERS6626853.fasta,292277,uncultured_Novosphingobium_sp._ERS6626853
uncultured Agrobacterium sp.,ERS6626971,uncultured_Agrobacterium_sp._ERS6626971.fasta,157277,uncultured_Agrobacterium_sp._ERS6626971
uncultured Acidovorax sp.,ERS6627284,uncultured_Acidovorax_sp._ERS6627284.fasta,158751,uncultured_Acidovorax_sp._ERS6627284
uncultured Chryseobacterium sp.,ERS6626823,uncultured_Chryseobacterium_sp._ERS6626823.fasta,259322,uncultured_Chryseobacterium_sp._ERS6626823
uncultured Xanthomonas sp.,ERS6627001,uncultured_Xanthomonas_sp._ERS6627001.fasta,152831,uncultured_Xanthomonas_sp._ERS6627001
uncultured Epilithonimonas sp.,ERS6627252,uncultured_Epilithonimonas_sp._ERS6627252.fasta,259322,uncultured_Epilithonimonas_sp._ERS6627252
uncultured Stenotrophomonas sp.,ERS6627344,uncultured_Stenotrophomonas_sp._ERS6627344.fasta,165438,uncultured_Stenotrophomonas_sp._ERS6627344
uncultured Sphingomonas sp.,ERS6626916,uncultured_Sphingomonas_sp._ERS6626916.fasta,158754,uncultured_Sphingomonas_sp._ERS6626916
uncultured Pseudomonas sp.,ERS6627295,uncultured_Pseudomonas_sp._ERS6627295.fasta,114707,uncultured_Pseudomonas_sp._ERS6627295
uncultured Agrobacterium sp.,ERS6626810,uncultured_Agrobacterium_sp._ERS6626810.fasta,157277,uncultured_Agrobacterium_sp._ERS6626810
uncultured Sphingomonas sp.,ERS6627000,uncultured_Sphingomonas_sp._ERS6627000.fasta,158754,uncultured_Sphingomonas_sp._ERS6627000
uncultured Acidovorax sp.,ERS6626999,uncultured_Acidovorax_sp._ERS6626999.fasta,158751,uncultured_Acidovorax_sp._ERS6626999
uncultured Xanthomonas sp.,ERS6627322,uncultured_Xanthomonas_sp._ERS6627322.fasta,152831,uncultured_Xanthomonas_sp._ERS6627322
uncultured Brevundimonas sp.,ERS6627304,uncultured_Brevundimonas_sp._ERS6627304.fasta,213418,uncultured_Brevundimonas_sp._ERS6627304
uncultured Chryseobacterium sp.,ERS6627342,uncultured_Chryseobacterium_sp._ERS6627342.fasta,259322,uncultured_Chryseobacterium_sp._ERS6627342
uncultured Sphingomonas sp.,ERS6626998,uncultured_Sphingomonas_sp._ERS6626998.fasta,158754,uncultured_Sphingomonas_sp._ERS6626998
uncultured Acinetobacter sp.,ERS6627310,uncultured_Acinetobacter_sp._ERS6627310.fasta,165433,uncultured_Acinetobacter_sp._ERS6627310
uncultured Curtobacterium sp.,ERS6627303,uncultured_Curtobacterium_sp._ERS6627303.fasta,331964,uncultured_Curtobacterium_sp._ERS6627303
uncultured Acidovorax sp.,ERS6626997,uncultured_Acidovorax_sp._ERS6626997.fasta,158751,uncultured_Acidovorax_sp._ERS6626997
uncultured Chryseobacterium sp.,ERS6627343,uncultured_Chryseobacterium_sp._ERS6627343.fasta,259322,uncultured_Chryseobacterium_sp._ERS6627343
uncultured Agrobacterium sp.,ERS6626958,uncultured_Agrobacterium_sp._ERS6626958.fasta,157277,uncultured_Agrobacterium_sp._ERS6626958
uncultured Sphingomonas sp.,ERS6626949,uncultured_Sphingomonas_sp._ERS6626949.fasta,158754,uncultured_Sphingomonas_sp._ERS6626949
uncultured Microbacterium sp.,ERS6627260,uncultured_Microbacterium_sp._ERS6627260.fasta,191216,uncultured_Microbacterium_sp._ERS6627260
uncultured Novosphingobium sp.,ERS6626929,uncultured_Novosphingobium_sp._ERS6626929.fasta,292277,uncultured_Novosphingobium_sp._ERS6626929
uncultured Acinetobacter sp.,ERS6627027,uncultured_Acinetobacter_sp._ERS6627027.fasta,165433,uncultured_Acinetobacter_sp._ERS6627027
uncultured Massilia sp.,ERS6626788,uncultured_Massilia_sp._ERS6626788.fasta,169973,uncultured_Massilia_sp._ERS6626788
uncultured Acidovorax sp.,ERS6626787,uncultured_Acidovorax_sp._ERS6626787.fasta,158751,uncultured_Acidovorax_sp._ERS6626787
uncultured Sphingomonas sp.,ERS6627008,uncultured_Sphingomonas_sp._ERS6627008.fasta,158754,uncultured_Sphingomonas_sp._ERS6627008
uncultured Sphingomonas sp.,ERS6627259,uncultured_Sphingomonas_sp._ERS6627259.fasta,158754,uncultured_Sphingomonas_sp._ERS6627259
uncultured Sphingomonas sp.,ERS6626973,uncultured_Sphingomonas_sp._ERS6626973.fasta,158754,uncultured_Sphingomonas_sp._ERS6626973
uncultured Brevundimonas sp.,ERS6627341,uncultured_Brevundimonas_sp._ERS6627341.fasta,213418,uncultured_Brevundimonas_sp._ERS6627341
uncultured Comamonas sp.,ERS6627283,uncultured_Comamonas_sp._ERS6627283.fasta,114710,uncultured_Comamonas_sp._ERS6627283
uncultured Novosphingobium sp.,ERS6626786,uncultured_Novosphingobium_sp._ERS6626786.fasta,292277,uncultured_Novosphingobium_sp._ERS6626786
uncultured Pseudomonas sp.,ERS6627251,uncultured_Pseudomonas_sp._ERS6627251.fasta,114707,uncultured_Pseudomonas_sp._ERS6627251
uncultured Pseudomonas sp.,ERS6626795,uncultured_Pseudomonas_sp._ERS6626795.fasta,114707,uncultured_Pseudomonas_sp._ERS6626795
uncultured Sphingomonas sp.,ERS6627316,uncultured_Sphingomonas_sp._ERS6627316.fasta,158754,uncultured_Sphingomonas_sp._ERS6627316
uncultured Xanthomonas sp.,ERS6627340,uncultured_Xanthomonas_sp._ERS6627340.fasta,152831,uncultured_Xanthomonas_sp._ERS6627340
uncultured Pseudomonas sp.,ERS6627026,uncultured_Pseudomonas_sp._ERS6627026.fasta,114707,uncultured_Pseudomonas_sp._ERS6627026
uncultured Edaphocola sp.,ERS6626813,uncultured_Edaphocola_sp._ERS6626813.fasta,2601700,uncultured_Edaphocola_sp._ERS6626813
uncultured Luteibacter sp.,ERS6626809,uncultured_Luteibacter_sp._ERS6626809.fasta,373641,uncultured_Luteibacter_sp._ERS6626809
uncultured Sphingomonas sp.,ERS6626835,uncultured_Sphingomonas_sp._ERS6626835.fasta,158754,uncultured_Sphingomonas_sp._ERS6626835
uncultured Xanthomonas sp.,ERS6626808,uncultured_Xanthomonas_sp._ERS6626808.fasta,152831,uncultured_Xanthomonas_sp._ERS6626808
uncultured Chryseobacterium sp.,ERS6626933,uncultured_Chryseobacterium_sp._ERS6626933.fasta,259322,uncultured_Chryseobacterium_sp._ERS6626933
uncultured Brevundimonas sp.,ERS6626980,uncultured_Brevundimonas_sp._ERS6626980.fasta,213418,uncultured_Brevundimonas_sp._ERS6626980
uncultured Agrobacterium sp.,ERS6626910,uncultured_Agrobacterium_sp._ERS6626910.fasta,157277,uncultured_Agrobacterium_sp._ERS6626910
uncultured Sphingomonas sp.,ERS6626867,uncultured_Sphingomonas_sp._ERS6626867.fasta,158754,uncultured_Sphingomonas_sp._ERS6626867
uncultured Sphingomonas sp.,ERS6627258,uncultured_Sphingomonas_sp._ERS6627258.fasta,158754,uncultured_Sphingomonas_sp._ERS6627258
uncultured Enterobacter sp.,ERS6626937,uncultured_Enterobacter_sp._ERS6626937.fasta,238202,uncultured_Enterobacter_sp._ERS6626937
uncultured Novosphingobium sp.,ERS6626852,uncultured_Novosphingobium_sp._ERS6626852.fasta,292277,uncultured_Novosphingobium_sp._ERS6626852
uncultured Xanthomonas sp.,ERS6627331,uncultured_Xanthomonas_sp._ERS6627331.fasta,152831,uncultured_Xanthomonas_sp._ERS6627331
uncultured Pseudacidovorax sp.,ERS6626850,uncultured_Pseudacidovorax_sp._ERS6626850.fasta,679313,uncultured_Pseudacidovorax_sp._ERS6626850
uncultured Sphingomonas sp.,ERS6626785,uncultured_Sphingomonas_sp._ERS6626785.fasta,158754,uncultured_Sphingomonas_sp._ERS6626785
uncultured Novosphingobium sp.,ERS6626784,uncultured_Novosphingobium_sp._ERS6626784.fasta,292277,uncultured_Novosphingobium_sp._ERS6626784
uncultured Sphingomonas sp.,ERS6626783,uncultured_Sphingomonas_sp._ERS6626783.fasta,158754,uncultured_Sphingomonas_sp._ERS6626783
uncultured Brevundimonas sp.,ERS6626847,uncultured_Brevundimonas_sp._ERS6626847.fasta,213418,uncultured_Brevundimonas_sp._ERS6626847
uncultured Pseudomonas sp.,ERS6626822,uncultured_Pseudomonas_sp._ERS6626822.fasta,114707,uncultured_Pseudomonas_sp._ERS6626822
uncultured Sphingomonas sp.,ERS6626851,uncultured_Sphingomonas_sp._ERS6626851.fasta,158754,uncultured_Sphingomonas_sp._ERS6626851
uncultured Curtobacterium sp.,ERS6627269,uncultured_Curtobacterium_sp._ERS6627269.fasta,331964,uncultured_Curtobacterium_sp._ERS6627269
uncultured Chryseobacterium sp.,ERS6627318,uncultured_Chryseobacterium_sp._ERS6627318.fasta,259322,uncultured_Chryseobacterium_sp._ERS6627318
uncultured Novosphingobium sp.,ERS6626965,uncultured_Novosphingobium_sp._ERS6626965.fasta,292277,uncultured_Novosphingobium_sp._ERS6626965
uncultured Sphingomonas sp.,ERS6626834,uncultured_Sphingomonas_sp._ERS6626834.fasta,158754,uncultured_Sphingomonas_sp._ERS6626834
uncultured Aureimonas sp.,ERS6626915,uncultured_Aureimonas_sp._ERS6626915.fasta,1604662,uncultured_Aureimonas_sp._ERS6626915
uncultured Novosphingobium sp.,ERS6626979,uncultured_Novosphingobium_sp._ERS6626979.fasta,292277,uncultured_Novosphingobium_sp._ERS6626979
uncultured Curtobacterium sp.,ERS6626914,uncultured_Curtobacterium_sp._ERS6626914.fasta,331964,uncultured_Curtobacterium_sp._ERS6626914
uncultured Agrobacterium sp.,ERS6626932,uncultured_Agrobacterium_sp._ERS6626932.fasta,157277,uncultured_Agrobacterium_sp._ERS6626932
uncultured Herbaspirillum sp.,ERS6627309,uncultured_Herbaspirillum_sp._ERS6627309.fasta,160236,uncultured_Herbaspirillum_sp._ERS6627309
uncultured Acidovorax sp.,ERS6626991,uncultured_Acidovorax_sp._ERS6626991.fasta,158751,uncultured_Acidovorax_sp._ERS6626991
uncultured Acidovorax sp.,ERS6626883,uncultured_Acidovorax_sp._ERS6626883.fasta,158751,uncultured_Acidovorax_sp._ERS6626883
uncultured Xanthomonas sp.,ERS6626943,uncultured_Xanthomonas_sp._ERS6626943.fasta,152831,uncultured_Xanthomonas_sp._ERS6626943
uncultured Xylophilus sp.,ERS6627302,uncultured_Xylophilus_sp._ERS6627302.fasta,296832,uncultured_Xylophilus_sp._ERS6627302
uncultured Agrobacterium sp.,ERS6627268,uncultured_Agrobacterium_sp._ERS6627268.fasta,157277,uncultured_Agrobacterium_sp._ERS6627268
uncultured Pseudomonas sp.,ERS6626978,uncultured_Pseudomonas_sp._ERS6626978.fasta,114707,uncultured_Pseudomonas_sp._ERS6626978
uncultured Chryseobacterium sp.,ERS6627325,uncultured_Chryseobacterium_sp._ERS6627325.fasta,259322,uncultured_Chryseobacterium_sp._ERS6627325
uncultured Sphingomonas sp.,ERS6627263,uncultured_Sphingomonas_sp._ERS6627263.fasta,158754,uncultured_Sphingomonas_sp._ERS6627263
uncultured Curtobacterium sp.,ERS6626839,uncultured_Curtobacterium_sp._ERS6626839.fasta,331964,uncultured_Curtobacterium_sp._ERS6626839
uncultured Novosphingobium sp.,ERS6626901,uncultured_Novosphingobium_sp._ERS6626901.fasta,292277,uncultured_Novosphingobium_sp._ERS6626901
Burkholderiaceae bacterium,ERS6626861,Burkholderiaceae_bacterium_ERS6626861.fasta,2030806,Burkholderiaceae_bacterium_ERS6626861
uncultured Chryseobacterium sp.,ERS6627267,uncultured_Chryseobacterium_sp._ERS6627267.fasta,259322,uncultured_Chryseobacterium_sp._ERS6627267
uncultured Pseudacidovorax sp.,ERS6627321,uncultured_Pseudacidovorax_sp._ERS6627321.fasta,679313,uncultured_Pseudacidovorax_sp._ERS6627321
uncultured Comamonas sp.,ERS6626814,uncultured_Comamonas_sp._ERS6626814.fasta,114710,uncultured_Comamonas_sp._ERS6626814
uncultured Acidovorax sp.,ERS6626798,uncultured_Acidovorax_sp._ERS6626798.fasta,158751,uncultured_Acidovorax_sp._ERS6626798
uncultured Microbacterium sp.,ERS6626888,uncultured_Microbacterium_sp._ERS6626888.fasta,191216,uncultured_Microbacterium_sp._ERS6626888
uncultured Sphingomonas sp.,ERS6626769,uncultured_Sphingomonas_sp._ERS6626769.fasta,158754,uncultured_Sphingomonas_sp._ERS6626769
uncultured Microbacterium sp.,ERS6627018,uncultured_Microbacterium_sp._ERS6627018.fasta,191216,uncultured_Microbacterium_sp._ERS6627018
uncultured Sphingomonas sp.,ERS6626780,uncultured_Sphingomonas_sp._ERS6626780.fasta,158754,uncultured_Sphingomonas_sp._ERS6626780
uncultured Sphingomonas sp.,ERS6626833,uncultured_Sphingomonas_sp._ERS6626833.fasta,158754,uncultured_Sphingomonas_sp._ERS6626833
uncultured Sphingomonas sp.,ERS6626768,uncultured_Sphingomonas_sp._ERS6626768.fasta,158754,uncultured_Sphingomonas_sp._ERS6626768
uncultured Herbaspirillum sp.,ERS6626801,uncultured_Herbaspirillum_sp._ERS6626801.fasta,160236,uncultured_Herbaspirillum_sp._ERS6626801
uncultured Xanthomonas sp.,ERS6626846,uncultured_Xanthomonas_sp._ERS6626846.fasta,152831,uncultured_Xanthomonas_sp._ERS6626846
uncultured Novosphingobium sp.,ERS6626942,uncultured_Novosphingobium_sp._ERS6626942.fasta,292277,uncultured_Novosphingobium_sp._ERS6626942
uncultured Sphingomonas sp.,ERS6626954,uncultured_Sphingomonas_sp._ERS6626954.fasta,158754,uncultured_Sphingomonas_sp._ERS6626954
uncultured Pseudomonas sp.,ERS6627315,uncultured_Pseudomonas_sp._ERS6627315.fasta,114707,uncultured_Pseudomonas_sp._ERS6627315
uncultured Aureimonas sp.,ERS6627306,uncultured_Aureimonas_sp._ERS6627306.fasta,1604662,uncultured_Aureimonas_sp._ERS6627306
uncultured Mucilaginibacter sp.,ERS6627314,uncultured_Mucilaginibacter_sp._ERS6627314.fasta,797541,uncultured_Mucilaginibacter_sp._ERS6627314
uncultured Xanthomonas sp.,ERS6627277,uncultured_Xanthomonas_sp._ERS6627277.fasta,152831,uncultured_Xanthomonas_sp._ERS6627277
uncultured Sphingomonas sp.,ERS6626948,uncultured_Sphingomonas_sp._ERS6626948.fasta,158754,uncultured_Sphingomonas_sp._ERS6626948
uncultured Sphingomonas sp.,ERS6627257,uncultured_Sphingomonas_sp._ERS6627257.fasta,158754,uncultured_Sphingomonas_sp._ERS6627257
uncultured Sphingomonas sp.,ERS6627281,uncultured_Sphingomonas_sp._ERS6627281.fasta,158754,uncultured_Sphingomonas_sp._ERS6627281
uncultured Novosphingobium sp.,ERS6627291,uncultured_Novosphingobium_sp._ERS6627291.fasta,292277,uncultured_Novosphingobium_sp._ERS6627291
uncultured Pseudacidovorax sp.,ERS6626909,uncultured_Pseudacidovorax_sp._ERS6626909.fasta,679313,uncultured_Pseudacidovorax_sp._ERS6626909
uncultured Stenotrophomonas sp.,ERS6627337,uncultured_Stenotrophomonas_sp._ERS6627337.fasta,165438,uncultured_Stenotrophomonas_sp._ERS6627337
uncultured Brevundimonas sp.,ERS6627276,uncultured_Brevundimonas_sp._ERS6627276.fasta,213418,uncultured_Brevundimonas_sp._ERS6627276
uncultured Sphingomonas sp.,ERS6626957,uncultured_Sphingomonas_sp._ERS6626957.fasta,158754,uncultured_Sphingomonas_sp._ERS6626957
uncultured Sphingomonas sp.,ERS6626857,uncultured_Sphingomonas_sp._ERS6626857.fasta,158754,uncultured_Sphingomonas_sp._ERS6626857
uncultured Pseudomonas sp.,ERS6626882,uncultured_Pseudomonas_sp._ERS6626882.fasta,114707,uncultured_Pseudomonas_sp._ERS6626882
uncultured Novosphingobium sp.,ERS6627336,uncultured_Novosphingobium_sp._ERS6627336.fasta,292277,uncultured_Novosphingobium_sp._ERS6627336
uncultured Pseudocitrobacter sp.,ERS6626990,uncultured_Pseudocitrobacter_sp._ERS6626990.fasta,1732514,uncultured_Pseudocitrobacter_sp._ERS6626990
uncultured Sphingomonas sp.,ERS6627013,uncultured_Sphingomonas_sp._ERS6627013.fasta,158754,uncultured_Sphingomonas_sp._ERS6627013
uncultured Stenotrophomonas sp.,ERS6627319,uncultured_Stenotrophomonas_sp._ERS6627319.fasta,165438,uncultured_Stenotrophomonas_sp._ERS6627319
uncultured Pseudomonas sp.,ERS6626953,uncultured_Pseudomonas_sp._ERS6626953.fasta,114707,uncultured_Pseudomonas_sp._ERS6626953
uncultured Novosphingobium sp.,ERS6626989,uncultured_Novosphingobium_sp._ERS6626989.fasta,292277,uncultured_Novosphingobium_sp._ERS6626989
uncultured Exiguobacterium sp.,ERS6627301,uncultured_Exiguobacterium_sp._ERS6627301.fasta,202669,uncultured_Exiguobacterium_sp._ERS6627301
uncultured Sphingomonas sp.,ERS6627280,uncultured_Sphingomonas_sp._ERS6627280.fasta,158754,uncultured_Sphingomonas_sp._ERS6627280
uncultured Xanthomonas sp.,ERS6626924,uncultured_Xanthomonas_sp._ERS6626924.fasta,152831,uncultured_Xanthomonas_sp._ERS6626924
uncultured Naasia sp.,ERS6627012,uncultured_Naasia_sp._ERS6627012.fasta,1805779,uncultured_Naasia_sp._ERS6627012
uncultured Deinococcus sp.,ERS6627335,uncultured_Deinococcus_sp._ERS6627335.fasta,158789,uncultured_Deinococcus_sp._ERS6627335
uncultured Microbacterium sp.,ERS6627334,uncultured_Microbacterium_sp._ERS6627334.fasta,191216,uncultured_Microbacterium_sp._ERS6627334
uncultured Herbaspirillum sp.,ERS6627023,uncultured_Herbaspirillum_sp._ERS6627023.fasta,160236,uncultured_Herbaspirillum_sp._ERS6627023
uncultured Bacillus sp.,ERS6626947,uncultured_Bacillus_sp._ERS6626947.fasta,83428,uncultured_Bacillus_sp._ERS6626947
uncultured Sphingomonas sp.,ERS6626936,uncultured_Sphingomonas_sp._ERS6626936.fasta,158754,uncultured_Sphingomonas_sp._ERS6626936
uncultured Pseudomonas sp.,ERS6627007,uncultured_Pseudomonas_sp._ERS6627007.fasta,114707,uncultured_Pseudomonas_sp._ERS6627007
uncultured Achromobacter sp.,ERS6626913,uncultured_Achromobacter_sp._ERS6626913.fasta,182690,uncultured_Achromobacter_sp._ERS6626913
uncultured Agrobacterium sp.,ERS6627262,uncultured_Agrobacterium_sp._ERS6627262.fasta,157277,uncultured_Agrobacterium_sp._ERS6627262
uncultured Pseudorhodoferax sp.,ERS6626941,uncultured_Pseudorhodoferax_sp._ERS6626941.fasta,911637,uncultured_Pseudorhodoferax_sp._ERS6626941
uncultured Herbaspirillum sp.,ERS6627324,uncultured_Herbaspirillum_sp._ERS6627324.fasta,160236,uncultured_Herbaspirillum_sp._ERS6627324
uncultured Stenotrophomonas sp.,ERS6627308,uncultured_Stenotrophomonas_sp._ERS6627308.fasta,165438,uncultured_Stenotrophomonas_sp._ERS6627308
uncultured Xanthomonas sp.,ERS6627339,uncultured_Xanthomonas_sp._ERS6627339.fasta,152831,uncultured_Xanthomonas_sp._ERS6627339
uncultured Acinetobacter sp.,ERS6626821,uncultured_Acinetobacter_sp._ERS6626821.fasta,165433,uncultured_Acinetobacter_sp._ERS6626821
uncultured Mucilaginibacter sp.,ERS6627275,uncultured_Mucilaginibacter_sp._ERS6627275.fasta,797541,uncultured_Mucilaginibacter_sp._ERS6627275
uncultured Sphingomonas sp.,ERS6626866,uncultured_Sphingomonas_sp._ERS6626866.fasta,158754,uncultured_Sphingomonas_sp._ERS6626866
uncultured Acidovorax sp.,ERS6627256,uncultured_Acidovorax_sp._ERS6627256.fasta,158751,uncultured_Acidovorax_sp._ERS6627256
uncultured Novosphingobium sp.,ERS6626794,uncultured_Novosphingobium_sp._ERS6626794.fasta,292277,uncultured_Novosphingobium_sp._ERS6626794
uncultured Variovorax sp.,ERS6626779,uncultured_Variovorax_sp._ERS6626779.fasta,114708,uncultured_Variovorax_sp._ERS6626779
uncultured Acinetobacter sp.,ERS6626793,uncultured_Acinetobacter_sp._ERS6626793.fasta,165433,uncultured_Acinetobacter_sp._ERS6626793
uncultured Agrobacterium sp.,ERS6626805,uncultured_Agrobacterium_sp._ERS6626805.fasta,157277,uncultured_Agrobacterium_sp._ERS6626805
uncultured Chryseobacterium sp.,ERS6626849,uncultured_Chryseobacterium_sp._ERS6626849.fasta,259322,uncultured_Chryseobacterium_sp._ERS6626849
uncultured Sphingomonas sp.,ERS6626845,uncultured_Sphingomonas_sp._ERS6626845.fasta,158754,uncultured_Sphingomonas_sp._ERS6626845
uncultured Novosphingobium sp.,ERS6626759,uncultured_Novosphingobium_sp._ERS6626759.fasta,292277,uncultured_Novosphingobium_sp._ERS6626759
uncultured Brevundimonas sp.,ERS6626807,uncultured_Brevundimonas_sp._ERS6626807.fasta,213418,uncultured_Brevundimonas_sp._ERS6626807
uncultured Deinococcus sp.,ERS6626811,uncultured_Deinococcus_sp._ERS6626811.fasta,158789,uncultured_Deinococcus_sp._ERS6626811
uncultured Pantoea sp.,ERS6626920,uncultured_Pantoea_sp._ERS6626920.fasta,218084,uncultured_Pantoea_sp._ERS6626920
uncultured Pseudomonas sp.,ERS6627294,uncultured_Pseudomonas_sp._ERS6627294.fasta,114707,uncultured_Pseudomonas_sp._ERS6627294
uncultured Microbacterium sp.,ERS6627264,uncultured_Microbacterium_sp._ERS6627264.fasta,191216,uncultured_Microbacterium_sp._ERS6627264
uncultured Xanthomonas sp.,ERS6626832,uncultured_Xanthomonas_sp._ERS6626832.fasta,152831,uncultured_Xanthomonas_sp._ERS6626832
uncultured Pseudacidovorax sp.,ERS6626767,uncultured_Pseudacidovorax_sp._ERS6626767.fasta,679313,uncultured_Pseudacidovorax_sp._ERS6626767
uncultured Novosphingobium sp.,ERS6626778,uncultured_Novosphingobium_sp._ERS6626778.fasta,292277,uncultured_Novosphingobium_sp._ERS6626778
uncultured Agrobacterium sp.,ERS6626838,uncultured_Agrobacterium_sp._ERS6626838.fasta,157277,uncultured_Agrobacterium_sp._ERS6626838
uncultured Sphingomonas sp.,ERS6626946,uncultured_Sphingomonas_sp._ERS6626946.fasta,158754,uncultured_Sphingomonas_sp._ERS6626946
uncultured Pantoea sp.,ERS6627022,uncultured_Pantoea_sp._ERS6627022.fasta,218084,uncultured_Pantoea_sp._ERS6627022
uncultured Sphingomonas sp.,ERS6627017,uncultured_Sphingomonas_sp._ERS6627017.fasta,158754,uncultured_Sphingomonas_sp._ERS6627017
uncultured Xanthomonas sp.,ERS6627021,uncultured_Xanthomonas_sp._ERS6627021.fasta,152831,uncultured_Xanthomonas_sp._ERS6627021
uncultured Pseudomonas sp.,ERS6626952,uncultured_Pseudomonas_sp._ERS6626952.fasta,114707,uncultured_Pseudomonas_sp._ERS6626952
uncultured Pantoea sp.,ERS6626969,uncultured_Pantoea_sp._ERS6626969.fasta,218084,uncultured_Pantoea_sp._ERS6626969
uncultured Comamonas sp.,ERS6627300,uncultured_Comamonas_sp._ERS6627300.fasta,114710,uncultured_Comamonas_sp._ERS6627300
uncultured Agrobacterium sp.,ERS6626977,uncultured_Agrobacterium_sp._ERS6626977.fasta,157277,uncultured_Agrobacterium_sp._ERS6626977
uncultured Roseateles sp.,ERS6626966,uncultured_Roseateles_sp._ERS6626966.fasta,452440,uncultured_Roseateles_sp._ERS6626966
uncultured Microbacterium sp.,ERS6627330,uncultured_Microbacterium_sp._ERS6627330.fasta,191216,uncultured_Microbacterium_sp._ERS6627330
uncultured Sphingomonas sp.,ERS6627006,uncultured_Sphingomonas_sp._ERS6627006.fasta,158754,uncultured_Sphingomonas_sp._ERS6627006
uncultured Pantoea sp.,ERS6627005,uncultured_Pantoea_sp._ERS6627005.fasta,218084,uncultured_Pantoea_sp._ERS6627005
uncultured Roseateles sp.,ERS6626963,uncultured_Roseateles_sp._ERS6626963.fasta,452440,uncultured_Roseateles_sp._ERS6626963
uncultured Sphingomonas sp.,ERS6626881,uncultured_Sphingomonas_sp._ERS6626881.fasta,158754,uncultured_Sphingomonas_sp._ERS6626881
uncultured Brevundimonas sp.,ERS6626880,uncultured_Brevundimonas_sp._ERS6626880.fasta,213418,uncultured_Brevundimonas_sp._ERS6626880
uncultured Stenotrophomonas sp.,ERS6627250,uncultured_Stenotrophomonas_sp._ERS6627250.fasta,165438,uncultured_Stenotrophomonas_sp._ERS6627250
uncultured Acidovorax sp.,ERS6627016,uncultured_Acidovorax_sp._ERS6627016.fasta,158751,uncultured_Acidovorax_sp._ERS6627016
uncultured Sphingomonas sp.,ERS6627255,uncultured_Sphingomonas_sp._ERS6627255.fasta,158754,uncultured_Sphingomonas_sp._ERS6627255
uncultured Flavobacterium sp.,ERS6627313,uncultured_Flavobacterium_sp._ERS6627313.fasta,165435,uncultured_Flavobacterium_sp._ERS6627313
uncultured Agrobacterium sp.,ERS6626956,uncultured_Agrobacterium_sp._ERS6626956.fasta,157277,uncultured_Agrobacterium_sp._ERS6626956
uncultured Brevundimonas sp.,ERS6626900,uncultured_Brevundimonas_sp._ERS6626900.fasta,213418,uncultured_Brevundimonas_sp._ERS6626900
uncultured Methylobacterium sp.,ERS6627288,uncultured_Methylobacterium_sp._ERS6627288.fasta,157278,uncultured_Methylobacterium_sp._ERS6627288
uncultured Sphingomonas sp.,ERS6627299,uncultured_Sphingomonas_sp._ERS6627299.fasta,158754,uncultured_Sphingomonas_sp._ERS6627299
uncultured Pseudacidovorax sp.,ERS6627320,uncultured_Pseudacidovorax_sp._ERS6627320.fasta,679313,uncultured_Pseudacidovorax_sp._ERS6627320
uncultured Chryseobacterium sp.,ERS6626903,uncultured_Chryseobacterium_sp._ERS6626903.fasta,259322,uncultured_Chryseobacterium_sp._ERS6626903
uncultured Chryseobacterium sp.,ERS6627248,uncultured_Chryseobacterium_sp._ERS6627248.fasta,259322,uncultured_Chryseobacterium_sp._ERS6627248
uncultured Pseudomonas sp.,ERS6627015,uncultured_Pseudomonas_sp._ERS6627015.fasta,114707,uncultured_Pseudomonas_sp._ERS6627015
uncultured Enterococcus sp.,ERS6627298,uncultured_Enterococcus_sp._ERS6627298.fasta,167972,uncultured_Enterococcus_sp._ERS6627298
uncultured Buchnera sp.,ERS6627326,uncultured_Buchnera_sp._ERS6627326.fasta,574037,uncultured_Buchnera_sp._ERS6627326
uncultured Cupriavidus sp.,ERS6626993,uncultured_Cupriavidus_sp._ERS6626993.fasta,314008,uncultured_Cupriavidus_sp._ERS6626993
uncultured Aquabacterium sp.,ERS6627305,uncultured_Aquabacterium_sp._ERS6627305.fasta,158753,uncultured_Aquabacterium_sp._ERS6627305
uncultured Acidovorax sp.,ERS6627271,uncultured_Acidovorax_sp._ERS6627271.fasta,158751,uncultured_Acidovorax_sp._ERS6627271
uncultured Pseudomonas sp.,ERS6627265,uncultured_Pseudomonas_sp._ERS6627265.fasta,114707,uncultured_Pseudomonas_sp._ERS6627265
uncultured Acidovorax sp.,ERS6626827,uncultured_Acidovorax_sp._ERS6626827.fasta,158751,uncultured_Acidovorax_sp._ERS6626827
uncultured Pseudomonas sp.,ERS6627274,uncultured_Pseudomonas_sp._ERS6627274.fasta,114707,uncultured_Pseudomonas_sp._ERS6627274
uncultured Sphingomonas sp.,ERS6627317,uncultured_Sphingomonas_sp._ERS6627317.fasta,158754,uncultured_Sphingomonas_sp._ERS6627317
uncultured Massilia sp.,ERS6626988,uncultured_Massilia_sp._ERS6626988.fasta,169973,uncultured_Massilia_sp._ERS6626988
uncultured Sphingomonas sp.,ERS6626860,uncultured_Sphingomonas_sp._ERS6626860.fasta,158754,uncultured_Sphingomonas_sp._ERS6626860
uncultured Acidovorax sp.,ERS6626955,uncultured_Acidovorax_sp._ERS6626955.fasta,158751,uncultured_Acidovorax_sp._ERS6626955
uncultured Sphingomonas sp.,ERS6626899,uncultured_Sphingomonas_sp._ERS6626899.fasta,158754,uncultured_Sphingomonas_sp._ERS6626899
uncultured Pseudomonas sp.,ERS6627287,uncultured_Pseudomonas_sp._ERS6627287.fasta,114707,uncultured_Pseudomonas_sp._ERS6627287
uncultured Pseudomonas sp.,ERS6626976,uncultured_Pseudomonas_sp._ERS6626976.fasta,114707,uncultured_Pseudomonas_sp._ERS6626976
uncultured Acidovorax sp.,ERS6627297,uncultured_Acidovorax_sp._ERS6627297.fasta,158751,uncultured_Acidovorax_sp._ERS6627297
uncultured Comamonas sp.,ERS6626987,uncultured_Comamonas_sp._ERS6626987.fasta,114710,uncultured_Comamonas_sp._ERS6626987
uncultured Hymenobacter sp.,ERS6627279,uncultured_Hymenobacter_sp._ERS6627279.fasta,170016,uncultured_Hymenobacter_sp._ERS6627279
uncultured Deinococcus sp.,ERS6627293,uncultured_Deinococcus_sp._ERS6627293.fasta,158789,uncultured_Deinococcus_sp._ERS6627293
uncultured Acinetobacter sp.,ERS6626825,uncultured_Acinetobacter_sp._ERS6626825.fasta,165433,uncultured_Acinetobacter_sp._ERS6626825
uncultured Novosphingobium sp.,ERS6627247,uncultured_Novosphingobium_sp._ERS6627247.fasta,292277,uncultured_Novosphingobium_sp._ERS6627247
uncultured Massilia sp.,ERS6626950,uncultured_Massilia_sp._ERS6626950.fasta,169973,uncultured_Massilia_sp._ERS6626950
uncultured Pedobacter sp.,ERS6626919,uncultured_Pedobacter_sp._ERS6626919.fasta,246139,uncultured_Pedobacter_sp._ERS6626919
uncultured Sphingomonas sp.,ERS6627261,uncultured_Sphingomonas_sp._ERS6627261.fasta,158754,uncultured_Sphingomonas_sp._ERS6627261
uncultured Pseudacidovorax sp.,ERS6627003,uncultured_Pseudacidovorax_sp._ERS6627003.fasta,679313,uncultured_Pseudacidovorax_sp._ERS6627003
uncultured Devosia sp.,ERS6626961,uncultured_Devosia_sp._ERS6626961.fasta,211434,uncultured_Devosia_sp._ERS6626961
uncultured Xylophilus sp.,ERS6626940,uncultured_Xylophilus_sp._ERS6626940.fasta,296832,uncultured_Xylophilus_sp._ERS6626940
uncultured Microbacterium sp.,ERS6626925,uncultured_Microbacterium_sp._ERS6626925.fasta,191216,uncultured_Microbacterium_sp._ERS6626925
uncultured Agrobacterium sp.,ERS6627329,uncultured_Agrobacterium_sp._ERS6627329.fasta,157277,uncultured_Agrobacterium_sp._ERS6627329
uncultured Sphingobacterium sp.,ERS6626789,uncultured_Sphingobacterium_sp._ERS6626789.fasta,182688,uncultured_Sphingobacterium_sp._ERS6626789
uncultured Naasia sp.,ERS6627270,uncultured_Naasia_sp._ERS6627270.fasta,1805779,uncultured_Naasia_sp._ERS6627270
uncultured Empedobacter sp.,ERS6627289,uncultured_Empedobacter_sp._ERS6627289.fasta,410844,uncultured_Empedobacter_sp._ERS6627289
uncultured Sphingobacterium sp.,ERS6626939,uncultured_Sphingobacterium_sp._ERS6626939.fasta,182688,uncultured_Sphingobacterium_sp._ERS6626939
uncultured Brevundimonas sp.,ERS6626974,uncultured_Brevundimonas_sp._ERS6626974.fasta,213418,uncultured_Brevundimonas_sp._ERS6626974
uncultured Leucobacter sp.,ERS6627345,uncultured_Leucobacter_sp._ERS6627345.fasta,367516,uncultured_Leucobacter_sp._ERS6627345
uncultured Pantoea sp.,ERS6626902,uncultured_Pantoea_sp._ERS6626902.fasta,218084,uncultured_Pantoea_sp._ERS6626902
uncultured Variovorax sp.,ERS6627246,uncultured_Variovorax_sp._ERS6627246.fasta,114708,uncultured_Variovorax_sp._ERS6627246
uncultured Pseudomonas sp.,ERS6626934,uncultured_Pseudomonas_sp._ERS6626934.fasta,114707,uncultured_Pseudomonas_sp._ERS6626934
uncultured Pseudomonas sp.,ERS6627245,uncultured_Pseudomonas_sp._ERS6627245.fasta,114707,uncultured_Pseudomonas_sp._ERS6627245
uncultured Pseudomonas sp.,ERS6627273,uncultured_Pseudomonas_sp._ERS6627273.fasta,114707,uncultured_Pseudomonas_sp._ERS6627273
uncultured Deinococcus sp.,ERS6626837,uncultured_Deinococcus_sp._ERS6626837.fasta,158789,uncultured_Deinococcus_sp._ERS6626837
uncultured Microbacterium sp.,ERS6626964,uncultured_Microbacterium_sp._ERS6626964.fasta,191216,uncultured_Microbacterium_sp._ERS6626964
uncultured Acinetobacter sp.,ERS6627024,uncultured_Acinetobacter_sp._ERS6627024.fasta,165433,uncultured_Acinetobacter_sp._ERS6627024
uncultured Chryseobacterium sp.,ERS6627338,uncultured_Chryseobacterium_sp._ERS6627338.fasta,259322,uncultured_Chryseobacterium_sp._ERS6627338
uncultured Pantoea sp.,ERS6627332,uncultured_Pantoea_sp._ERS6627332.fasta,218084,uncultured_Pantoea_sp._ERS6627332
uncultured Sphingomonas sp.,ERS6626831,uncultured_Sphingomonas_sp._ERS6626831.fasta,158754,uncultured_Sphingomonas_sp._ERS6626831
uncultured Pseudomonas sp.,ERS6627014,uncultured_Pseudomonas_sp._ERS6627014.fasta,114707,uncultured_Pseudomonas_sp._ERS6627014
uncultured Acinetobacter sp.,ERS6626830,uncultured_Acinetobacter_sp._ERS6626830.fasta,165433,uncultured_Acinetobacter_sp._ERS6626830
uncultured Sphingomonas sp.,ERS6626871,uncultured_Sphingomonas_sp._ERS6626871.fasta,158754,uncultured_Sphingomonas_sp._ERS6626871
uncultured Sphingomonas sp.,ERS6626870,uncultured_Sphingomonas_sp._ERS6626870.fasta,158754,uncultured_Sphingomonas_sp._ERS6626870
uncultured Sphingomonas sp.,ERS6626938,uncultured_Sphingomonas_sp._ERS6626938.fasta,158754,uncultured_Sphingomonas_sp._ERS6626938
uncultured Novosphingobium sp.,ERS6626887,uncultured_Novosphingobium_sp._ERS6626887.fasta,292277,uncultured_Novosphingobium_sp._ERS6626887
uncultured Sphingobium sp.,ERS6626960,uncultured_Sphingobium_sp._ERS6626960.fasta,316087,uncultured_Sphingobium_sp._ERS6626960
uncultured Novosphingobium sp.,ERS6626886,uncultured_Novosphingobium_sp._ERS6626886.fasta,292277,uncultured_Novosphingobium_sp._ERS6626886
uncultured Microbacterium sp.,ERS6627311,uncultured_Microbacterium_sp._ERS6627311.fasta,191216,uncultured_Microbacterium_sp._ERS6627311
uncultured Naasia sp.,ERS6627328,uncultured_Naasia_sp._ERS6627328.fasta,1805779,uncultured_Naasia_sp._ERS6627328
uncultured Mucilaginibacter sp.,ERS6626981,uncultured_Mucilaginibacter_sp._ERS6626981.fasta,797541,uncultured_Mucilaginibacter_sp._ERS6626981
uncultured Agrobacterium sp.,ERS6626959,uncultured_Agrobacterium_sp._ERS6626959.fasta,157277,uncultured_Agrobacterium_sp._ERS6626959
uncultured Pseudomonas sp.,ERS6626885,uncultured_Pseudomonas_sp._ERS6626885.fasta,114707,uncultured_Pseudomonas_sp._ERS6626885
uncultured Deinococcus sp.,ERS6627282,uncultured_Deinococcus_sp._ERS6627282.fasta,158789,uncultured_Deinococcus_sp._ERS6627282
uncultured Deinococcus sp.,ERS6626797,uncultured_Deinococcus_sp._ERS6626797.fasta,158789,uncultured_Deinococcus_sp._ERS6626797
uncultured Microbacterium sp.,ERS6627019,uncultured_Microbacterium_sp._ERS6627019.fasta,191216,uncultured_Microbacterium_sp._ERS6627019
uncultured Enterobacter sp.,ERS6626992,uncultured_Enterobacter_sp._ERS6626992.fasta,238202,uncultured_Enterobacter_sp._ERS6626992
uncultured Curtobacterium sp.,ERS6626869,uncultured_Curtobacterium_sp._ERS6626869.fasta,331964,uncultured_Curtobacterium_sp._ERS6626869
uncultured Microbacterium sp.,ERS6626806,uncultured_Microbacterium_sp._ERS6626806.fasta,191216,uncultured_Microbacterium_sp._ERS6626806
uncultured Xanthomonas sp.,ERS6626848,uncultured_Xanthomonas_sp._ERS6626848.fasta,152831,uncultured_Xanthomonas_sp._ERS6626848
uncultured Acidovorax sp.,ERS6626841,uncultured_Acidovorax_sp._ERS6626841.fasta,158751,uncultured_Acidovorax_sp._ERS6626841
Rhizobiaceae bacterium,ERS6626796,Rhizobiaceae_bacterium_ERS6626796.fasta,1913961,Rhizobiaceae_bacterium_ERS6626796
uncultured Novosphingobium sp.,ERS6626829,uncultured_Novosphingobium_sp._ERS6626829.fasta,292277,uncultured_Novosphingobium_sp._ERS6626829
uncultured Naasia sp.,ERS6627002,uncultured_Naasia_sp._ERS6627002.fasta,1805779,uncultured_Naasia_sp._ERS6627002
uncultured Curtobacterium sp.,ERS6626884,uncultured_Curtobacterium_sp._ERS6626884.fasta,331964,uncultured_Curtobacterium_sp._ERS6626884
uncultured Xanthomonas sp.,ERS6626836,uncultured_Xanthomonas_sp._ERS6626836.fasta,152831,uncultured_Xanthomonas_sp._ERS6626836
